-- phpMyAdmin SQL Dump
-- version 4.0.1
-- http://www.phpmyadmin.net
--
-- Host: localhost
-- Generation Time: May 30, 2013 at 11:19 PM
-- Server version: 5.5.31-log
-- PHP Version: 5.3.25

SET SQL_MODE = "NO_AUTO_VALUE_ON_ZERO";
SET time_zone = "+00:00";


/*!40101 SET @OLD_CHARACTER_SET_CLIENT=@@CHARACTER_SET_CLIENT */;
/*!40101 SET @OLD_CHARACTER_SET_RESULTS=@@CHARACTER_SET_RESULTS */;
/*!40101 SET @OLD_COLLATION_CONNECTION=@@COLLATION_CONNECTION */;
/*!40101 SET NAMES utf8 */;

--
-- Database: `silkus_bbd`
--

-- --------------------------------------------------------

--
-- Table structure for table `categories_menu`
--

CREATE TABLE IF NOT EXISTS `categories_menu` (
  `id` int(11) NOT NULL AUTO_INCREMENT,
  `label` varchar(50) COLLATE utf8_lithuanian_ci NOT NULL DEFAULT ' ',
  `sort` int(2) NOT NULL DEFAULT '0',
  `pgs_id` int(7) NOT NULL,
  `tev_id` int(9) unsigned DEFAULT NULL,
  PRIMARY KEY (`id`),
  UNIQUE KEY `pgs_id` (`pgs_id`),
  KEY `label` (`label`)
) ENGINE=InnoDB  DEFAULT CHARSET=utf8 COLLATE=utf8_lithuanian_ci AUTO_INCREMENT=128 ;

--
-- Dumping data for table `categories_menu`
--

INSERT INTO `categories_menu` (`id`, `label`, `sort`, `pgs_id`, `tev_id`) VALUES
(1, 'Kategorija 1', 0, 1, 0),
(2, 'Kategorija 2', 1, 2, 0),
(3, 'Kategorija 3', 2, 3, 0),
(4, 'Kategorija 2.1', 0, 4, 2),
(5, 'Kategorija 2.2', 0, 5, 2),
(6, 'Kategorija 2.1.1', 2, 6, 4),
(7, 'Kategorija 2.1.2', 1, 7, 4),
(93, 'Rūbai ir aksesuarai', 4, 2534, 0),
(94, 'Chalatai', 0, 2536, 2534),
(95, 'Rankšluosčiai', 0, 2535, 2534),
(96, 'Šlepetės', 0, 2537, 2534),
(97, 'Džemperiai', 0, 2540, 2534),
(98, 'Marškinėliai', 0, 2538, 2534),
(99, 'Kepurės', 0, 2539, 2534),
(101, 'Apatinio trikotažo komplektai', 0, 2642, 2635),
(102, 'Apatinės kelnaitės', 0, 2637, 2635),
(103, 'Pižamos', 0, 2648, 2635),
(104, 'Korsetai', 0, 2652, 2635),
(105, 'Liemenėlės', 0, 2636, 2635),
(106, 'Naktinukai', 0, 2651, 2635),
(108, 'Kelnaitės šortukai', 0, 2640, 2637),
(109, 'Liekninančios kelnaitės', 0, 2641, 2637),
(111, 'Tanga kelnaitės', 0, 2639, 2637),
(112, 'Kojinių diržai', 0, 2647, 2642),
(113, 'Apatinio trikotažo komplektai su šortukais', 0, 2645, 2642),
(117, 'Marškinėliai pižamos', 0, 2649, 2648),
(119, 'Apatinis trikotažas', 0, 2635, 2534),
(121, 'Apatinio trikotažo komplektai su tanga kelnaitėmis', 0, 2644, 2642),
(122, 'Pižamų komplektai', 0, 2650, 2648),
(123, 'Vestuviniai apatinio trikotažo komplektai', 0, 2646, 2642),
(125, 'Vyriškos kelnaitės', 0, 2728, 2637),
(126, 'String kelnaitės', 0, 2638, 2637),
(127, 'Apatinio tritažo komplektai su string kelnaitėmis', 0, 2643, 2642);

-- --------------------------------------------------------

--
-- Table structure for table `config`
--

CREATE TABLE IF NOT EXISTS `config` (
  `key` varchar(20) COLLATE utf8_lithuanian_ci NOT NULL,
  `value` varchar(50) COLLATE utf8_lithuanian_ci NOT NULL,
  PRIMARY KEY (`key`)
) ENGINE=InnoDB DEFAULT CHARSET=utf8 COLLATE=utf8_lithuanian_ci;

-- --------------------------------------------------------

--
-- Table structure for table `members`
--

CREATE TABLE IF NOT EXISTS `members` (
  `id` int(11) NOT NULL AUTO_INCREMENT,
  `mail` varchar(150) NOT NULL,
  `name` varchar(50) NOT NULL,
  `surname` varchar(100) NOT NULL,
  PRIMARY KEY (`id`)
) ENGINE=InnoDB  DEFAULT CHARSET=utf8 ROW_FORMAT=DYNAMIC AUTO_INCREMENT=3 ;

--
-- Dumping data for table `members`
--

INSERT INTO `members` (`id`, `mail`, `name`, `surname`) VALUES
(1, 'mima@xxx.lt', 'simona', 'ramanauskaite'),
(2, 'jonas@ona.lt', 'jonas', 'onaitis');

-- --------------------------------------------------------

--
-- Table structure for table `product`
--

CREATE TABLE IF NOT EXISTS `product` (
  `id` int(11) NOT NULL AUTO_INCREMENT,
  `name` varchar(255) COLLATE utf8_lithuanian_ci NOT NULL,
  `cat_id` int(11) NOT NULL,
  `describe` text COLLATE utf8_lithuanian_ci NOT NULL,
  `pre_id` int(6) NOT NULL,
  PRIMARY KEY (`id`)
) ENGINE=InnoDB  DEFAULT CHARSET=utf8 COLLATE=utf8_lithuanian_ci AUTO_INCREMENT=818 ;

--
-- Dumping data for table `product`
--

INSERT INTO `product` (`id`, `name`, `cat_id`, `describe`, `pre_id`) VALUES
(1, 'Spinta Equador', 7, 'rudos spalvos', 1),
(2, 'Džinsai juodi S', 1, '', 2),
(3, 'Džinsai juodi L', 1, '', 3),
(4, 'Džinsai juodi M', 1, 'moteriški', 4),
(5, 'Moteriški marškinėliai T-SHIRT Stedman Classic (spalvoti)', 2538, 'Klasikiniai moteriški marškinėliai.', 104440),
(6, 'Moteriški marškinėliai T-SHIRT Stedman Classic (balti)', 2538, 'Klasikiniai moteriški marškinėliai.', 104441),
(7, 'Moteriški marškinėliai T-SHIRT Stedman Comfort (balti)', 2538, 'Klasikiniai moteriški marškinėliai. \r\n\r\n', 104442),
(8, 'Moteriški marškinėliai T-SHIRT Stedman Comfort (spalvoti)', 2538, 'Klasikiniai moteriški marškinėliai. \r\n\r\n', 104443),
(9, 'Chalatas Cocoon SULTAN', 2536, 'Itin storas ir šiltas. Puikiai tinka šaltiems žiemos vakarams. 100% medvilnė.\r\n', 104444),
(10, 'Chalatas Cocoon PESTEMAL ROBE', 2536, 'Lengvas chalatas su kapišonu. 100% medvilnė.', 104445),
(11, 'Chalatas Cocoon FULA LIGHT', 2536, '100% medvilnė.\r\n', 104446),
(12, 'Chalatas Cocoon MARINE', 2536, '100% medvilnė.\r\n', 104447),
(13, 'Chalatas Cocoon OCEAN ORGANIC', 2536, '100 % medvilnė.', 104448),
(14, 'Chalatas Cocoon WATERSIDE BATHROBE', 2536, 'Plonas chalatas su bambuko pluoštu.  50% bambuko pluoštas, 50% medvilnė.\r\n', 104451),
(15, 'Rankšluostis PACIFIC (70x142 cm)', 2535, '100% medvilnė.\r\n', 104457),
(16, 'Rankšluostis MEDITARRANEAN (70x140 cm)', 2535, '100 % medvilnė.', 104459),
(17, 'Rankšluostis MARINE (70x140 cm)', 2535, '100% medvilnė.\r\n', 104460),
(18, 'Rankšluostis TEX-TILES (70x140 cm)', 2535, '100% medvilnė.\r\n', 104462),
(19, 'Rankšluostis OCEAN ORGANIC (70x140 cm)', 2535, '100% medvilnė.\r\n', 104477),
(20, 'Rankšluostis TEX-TILES (50x100 cm)', 2535, '100% medvilnė.\r\n', 104478),
(21, 'Rankšluostis MARINE (50x100 cm)', 2535, '100% medvilnė.\r\n', 104480),
(22, 'Rankšluostis OCEAN ORGANIC (50x76 cm)', 2535, '100% medvilnė.\r\n', 104481),
(23, 'Rankšluostis MEDITARRANEAN (50x76 cm)', 2535, '100% medvilnė.\r\n\r\n', 104482),
(24, 'Rankšluostis PACIFIC (50x80 cm)', 2535, '100% medvilnė.\r\n', 104484),
(25, 'Rankšluostis OCEAN ORGANIC (30x145 cm)', 2535, '100% medvilnė.\r\n', 104485),
(26, 'Šlepetės MEYZER', 2537, '100% medvilnė.\r\n', 104499),
(27, 'Rankšluostis ''Unwind'' Waterside pestemal (100x200 cm)', 2535, 'Plonas rankšluostis itin gerai sugeria ir išgarina drėgmę.', 104508),
(28, 'Rankšluostis ''Unwind'' Meyzer pestemal (100x150 cm)', 2535, 'Rankšluostis su tradiciniais turkiškos pirties motyvais.', 104509),
(29, 'Moteriški marškinėliai Stedman Classic Tank-Top (balti)', 2538, 'Klasikiniai moteriški marškinėliai be rankovių. \r\n\r\n', 104518),
(30, 'Moteriški marškinėliai Stedman Classic Tank-Top (juoda)', 2538, 'Klasikiniai moteriški marškinėliai be rankovių. \r\n', 104519),
(31, 'Moteriški marškinėliai T-SHIRT Stedman Comfort LS (balti)', 2538, 'Klasikiniai moteriški marškinėliai ilgomis rankovėmis. \r\n\r\n', 104520),
(32, 'Moteriški marškinėliai T-SHIRT Stedman Comfort LS (spalvoti)', 2538, 'Klasikiniai moteriški marškinėliai ilgomis rankovėmis. ', 104521),
(33, 'Moteriški marškinėliai T-SHIRT Stedman Classic V-Neck (balti)', 2538, 'Klasikiniai moteriški marškinėliai su V formos kaklo iškirpte. \r\n\r\n', 104534),
(34, 'Moteriški marškinėliai T-SHIRT Stedman Classic V-Neck (spalvoti)', 2538, 'Klasikiniai moteriški marškinėliai su V formos kaklo iškirpte. \r\n\r\n', 104535),
(35, 'Moteriški marškinėliai Stedman Polo (balti)', 2538, 'Klasikiniai polo marškinėliai su 2 sagom. \r\n\r\n', 104536),
(36, 'Moteriški marškinėliai Stedman Polo (spalvoti)', 2538, 'Klasikiniai polo marškinėliai su 2 sagom. \r\n\r\n', 104537),
(37, 'Moteriški marškinėliai Stedman Polo 65/35 (balti)', 2538, 'Klasikiniai poli marškinėliai su 2 sagom. ', 104538),
(38, 'Moteriški marškinėliai Stedman Polo 65/35 (spalvoti)', 2538, 'Klasikiniai poli marškinėliai su 2 sagom. ', 104539),
(39, 'Moteriškas džemperis Stedman Hooded Sweatshirt (baltas)', 2540, 'Klasikinis moteriškas megztinis su gaubtuvu.', 104540),
(40, 'Moteriškas džemperis Stedman Hooded Sweatshirt (spalvoti)', 2540, 'Klasikinis moteriškas megztinis su gaubtuvu.', 104541),
(41, 'Vyriški marškinėliai Stedman Classic (balti)', 2538, 'Klasikiniai vyriški marškinėliai. \r\n\r\n', 104542),
(42, 'Vyriški marškinėliai Stedman Classic (spalvoti)', 2538, 'Klasikiniai vyriški marškinėliai. \r\n', 104543),
(43, 'Vyriški marškinėliai Stedman Comfort (balti)', 2538, 'Klasikiniai vyriški marškinėliai. \r\n\r\n', 104544),
(44, 'Vyriški marškinėliai Stedman Comfort (spalvoti)', 2538, 'Klasikiniai vyriški marškinėliai. \r\n\r\n', 104545),
(45, 'Vyriški marškinėliai Stedman T-SHIRT Prime (balti)', 2538, 'Ypatingai aukštos kokybės klasikiniai vyriški marškinėliai. \r\n\r\n', 104546),
(46, 'Vyriški marškinėliai Stedman T-SHIRT Prime (spalvoti)', 2538, 'Ypatingai aukštos kokybės klasikiniai vyriški marškinėliai. ', 104547),
(47, 'Vyriški marškinėliai Stedman Tank Top (balti)', 2538, '', 104548),
(48, 'Vyriški marškinėliai Stedman Tank Top (spalvoti)', 2538, '', 104549),
(49, 'Vyriški marškinėliai T-SHIRT Stedman Classic Long Sleeve (balti)', 2538, 'Klasikiniai vyriški marškinėliai ilgomis rankovėmis. \r\n\r\n', 104564),
(50, 'Vyriški marškinėliai T-SHIRTStedman Classic Long Sleeve (spalvoti)', 2538, 'Klasikiniai vyriški marškinėliai ilgomis rankovėmis. \r\n\r\n', 104565),
(51, 'Vyriški marškinėliai T-SHIRT Stedman Comfort Long Sleeve (balti)', 2538, 'Klasikiniai vyriški marškinėliai ilgomis rankovėmis.', 104566),
(52, 'Vyriški marškinėliai T-SHIRT Stedman Comfort Long Sleeve (spalvoti)', 2538, 'Klasikiniai vyriški marškinėliai ilgomis rankovėmis.', 104567),
(53, 'Vyriški marškinėliai T-SHIRT Stedman V-NECK (balti)', 2538, 'Klasikiniai vyriški marškinėliai su V formos kaklo iškirpte. \r\n\r\n', 104568),
(54, 'Vyriški marškinėliai T-SHIRT Stedman V-NECK (spalvoti)', 2538, 'Klasikiniai vyriški marškinėliai su V formos kaklo iškirpte. \r\n\r\n', 104569),
(55, 'Vyriški marškinėliai Stedman Polo (balti)', 2538, 'Klasikiniai vyriški polo marškinėliai su 2 sagom. \r\n\r\n', 104570),
(56, 'Vyriški marškinėliai Stedman Polo (spalvoti)', 2538, 'Klasikiniai vyriški polo marškinėliai su 2 sagom. \r\n\r\n', 104571),
(57, 'Vyriški marškinėliai Stedman Polo 65/35 (balti)', 2538, 'Klasikiniai vyriški polo marškinėliai su 3 sagom.', 104572),
(58, 'Vyriški marškinėliai Stedman Polo 65/35 (spalvoti)', 2538, 'Klasikiniai vyriški polo marškinėliai su 3 sagom.', 104573),
(59, 'Vyriški marškinėliai Stedman Polo Long Selve (balti)', 2538, 'Klasikiniai vyriški polo marškinėliai ilgomis rankovėmis su 3 sagom. \r\n\r\n', 104575),
(60, 'Vyriški marškinėliai Stedman Polo Long Selve (spalvoti)', 2538, 'Klasikiniai vyriški polo marškinėliai ilgomis rankovėmis su 3 sagom. \r\n\r\n', 104576),
(61, 'Vyriškas džemperis Stedman Hooded Sweathirt (baltas)', 2540, 'Klasikinis vyriškas megztinis. ', 104577),
(62, 'Vyriškas džemperis Stedman Hooded Sweathirt (spalvoti)', 2540, 'Klasikinis vyriškas megztinis. ', 104578),
(63, 'Vyriškas džemperis Stedman Fleece (spalvoti)', 2540, 'Sudėtis: 100% - poliesteris \r\n\r\n', 104579),
(64, 'Vyriškas džemperis Stedman Sweatshirt (balti)', 2540, 'Klasikinis vyriškas megztinis. \r\n\r\n', 104580),
(65, 'Vyriškas džemperis Stedman Sweatshirt (spalvoti)', 2540, 'Klasikinis vyriškas megztinis. \r\n\r\n', 104581),
(66, 'Vaikiški marškinėliai Stedman Classic Junior (balti)', 2538, 'Klasikiniai vaikiški marškinėliai. \r\n\r\n', 104582),
(67, 'Vaikiški marškinėliai Stedman Classic Junior (spalvoti)', 2538, 'Klasikiniai vaikiški marškinėliai. \r\n\r\n', 104583),
(68, 'Vaikiški marškinėliai Stedman Comfort Junior (balti)', 2538, 'Klasikiniai vaikiški marškinėliai 185 g/m. \r\n\r\n', 104584),
(69, 'Vaikiški marškinėliai Stedman Comfort Junior (spalvoti)', 2538, 'Klasikiniai vaikiški marškinėliai 185 g/m. \r\n\r\n', 104585),
(70, 'Vaikiški marškinėliai Stedman Polo Junior (balti)', 2538, 'Klasikiniai polo marškinėliai su 2 sagom. \r\n\r\n', 104586),
(71, 'Vaikiški marškinėliai Stedman Polo Junior (spalvoti)', 2538, 'Klasikiniai polo marškinėliai su 2 sagom. \r\n\r\n', 104587),
(72, 'Moteriški marškinėliai Hanes Spicy-T Crew Neck (balti)', 2538, 'Stilizuoti moteriški marškinėliai, prigludę prie kūno. Puikiai tinka laisvalaikiui ir aktyviai veiklai. \r\n\r\n', 104589),
(73, 'Moteriški marškinėliai Hanes Spicy-T Crew Neck (spalvoti)', 2538, 'Stilizuoti moteriški marškinėliai, prigludę prie kūno. Puikiai tinka laisvalaikiui ir aktyviai veiklai. \r\n\r\n', 104590),
(74, 'Moteriški marškinėliai Hanes Spicy-T Boat Neck (balti)', 2538, 'Stilizuoti, prigludę moteriški marškinėliai. Tai puikūs marškinėliai laisvalaikiui ir aktyviai veiklai. \r\n\r\n', 104592),
(75, 'Moteriški marškinėliai Hanes Spicy-T Boat Neck (spalvoti)', 2538, 'Stilizuoti, prigludę moteriški marškinėliai. Tai puikūs marškinėliai laisvalaikiui ir aktyviai veiklai. \r\n', 104593),
(76, 'Moteriški marškinėliai Hanes Elegance Top-T (balti)', 2538, 'Klasikiniai moteriški marškinėliai. Puikiai tinka aktyviai veiklai. ', 104594),
(77, 'Moteriški marškinėliai Hanes Elegance Top-T (spalvoti)', 2538, 'Klasikiniai moteriški marškinėliai. Puikiai tinka aktyviai veiklai. ', 104596),
(78, 'Moteriški marškinėliai Hanes Spicy-T V-Neck (balti)', 2538, 'Stilizuoti, prigludę moteriški marškinėliai su V formos kaklo iškirpte. Puikiai tinka laisvalaikiui ir aktyviai veiklai. \r\n\r\n', 104602),
(79, 'Moteriški marškinėliai Hanes Spicy-T V-Neck (spalvoti)', 2538, 'Stilizuoti, prigludę moteriški marškinėliai su V formos kaklo iškirpte. Puikiai tinka laisvalaikiui ir aktyviai veiklai. \r\n\r\n', 104603),
(80, 'Moteriški marškinėliai Hanes BeauTy V-Neck (balti)', 2538, 'Stilizuoti, prigludę moteriški marškinėliai su gylia V formos kaklo iškirpte.', 104614),
(81, 'Moteriški marškinėliai Hanes BeauTy V-Neck (spalvoti)', 2538, 'Stilizuoti, prigludę moteriški marškinėliai su gylia V formos kaklo iškirpte.', 104615),
(82, 'Moteriški marškinėliai Hanes V-Neck Long Sleeve (balti)', 2538, 'Stilizuoti moteriški marškinėliai ilgomis rankovėmis, V formos kaklo iškirpte.', 104616),
(83, 'Moteriški marškinėliai Hanes V-Neck Long Sleeve (spalvoti)', 2538, 'Stilizuoti moteriški marškinėliai ilgomis rankovėmis, V formos kaklo iškirpte.', 104617),
(84, 'Moteriški marškinėliai Hanes BeauTy Top  (balti)', 2538, 'Stilizuoti, prigludę moteriški marškinėliai su petnešėlėmis. \r\n', 104618),
(85, 'Moteriški marškinėliai Hanes BeauTy Top  (spalvoti)', 2538, 'Stilizuoti, prigludę moteriški marškinėliai su petnešėlėmis. \r\n', 104619),
(86, 'Moteriški marškinėliai Hanes Elegance Top Polo (balti)', 2538, 'Klasikiniai polo marškinėliai moterims. ', 104620),
(87, 'Moteriški marškinėliai Hanes Elegance Top Polo (spalvoti)', 2538, 'Klasikiniai polo marškinėliai moterims. ', 104621),
(88, 'Moteriški marškinėliai Hanes Polo Long SLeeve (balta)', 2538, 'Stilizuoti moteriški polo marškinėliai ilgomis rankovėmis. ', 104623),
(89, 'Moteriški marškinėliai Hanes Polo Long SLeeve (spalvoti)', 2538, 'Stilizuoti moteriški polo marškinėliai ilgomis rankovėmis. ', 104624),
(90, 'Moteriški marškinėliai Hanes 7 Button Polo (balti)', 2538, 'Stilizuoti, prigludę polo marškinėliai su 7 sagom.', 104625),
(91, 'Moteriški marškinėliai Hanes 7 Button Polo (spalvoti)', 2538, 'Stilizuoti, prigludę polo marškinėliai su 7 sagom.', 104626),
(92, 'Moteriškas džemperis Hanes Spicy Hooded Sweat', 2540, 'Stilizuotas moteriškas megztinis su gaubtuvu, kuris puikiai tinka laisvalaikiui ir aktyviai veiklai. \r\n\r\n', 104628),
(93, 'Moteriškas megztinis Hanes Cardigan V-Neck', 2540, 'Prigludęs moteriškas megztukas su sagom.', 104635),
(94, 'Moteriškas megztinis Hanes Pullover V-Neck', 2540, 'Stizuotas, prigludęs moteriškas megztukas.', 104636),
(95, 'Moteriški marškinėliai Hanes TasTy Crew Neck (balti)', 2538, 'Moteriški marškinėliai, trumpomis rankovėmis. Marškinėliai yra "Relaxed fit"  - laisvai krentantys marškinėliai. ', 104637),
(96, 'Moteriški marškinėliai Hanes TasTy Crew Neck (spalvoti)', 2538, 'Moteriški marškinėliai, trumpomis rankovėmis. Marškinėliai yra "Relaxed fit"  - laisvai krentantys marškinėliai. \r\n\r\n', 104638),
(97, 'Moteriški marškinėliai Hanes TasTy Boat Neck (balti)', 2538, 'Stilizuoti marškinėliai moterims, šie marškinėliai yra "relaxed fit" - laisvai krentantys.\r\n\r\n', 104640),
(98, 'Moteriški marškinėliai Hanes TasTy Boat Neck (spalvoti)', 2538, 'Stilizuoti marškinėliai moterims, šie marškinėliai yra "relaxed fit" - laisvai krentantys.', 104641),
(99, 'Moteriški marškinėliai Hanes TasTy V-Neck (balti)', 2538, 'Stilizuoti moteriški marškinėliai su V formos kaklo iškirpte. ', 104643),
(100, 'Moteriški marškinėliai Hanes TasTy V-Neck (spalvoti)', 2538, 'Stilizuoti moteriški marškinėliai su V formos kaklo iškirpte. ', 104644),
(101, 'Moteriški marškinėliai Hanes TasTy Tank Top (balti)', 2538, 'Laisvi moteriški marškinėliai be rankovių. ', 104646),
(102, 'Moteriški marškinėliai Hanes TasTy Tank Top (spalvoti)', 2538, 'Laisvi moteriški marškinėliai be rankovių. ', 104647),
(103, 'Moteriški marškinėliai Hanes TasTy Long Sleeve (balti)', 2538, 'Laisvi marškinėliai ilgomis rankovėmis, puikiai tinka laisvalaikiui ir aktyviai veiklai. \r\n\r\n', 104661),
(104, 'Moteriški marškinėliai Hanes TasTy Long Sleeve (spalvoti)', 2538, 'Laisvi marškinėliai ilgomis rankovėmis, puikiai tinka laisvalaikiui ir aktyviai veiklai. \r\n\r\n', 104662),
(105, 'Chalatas SZL-041 raudonas', 2536, '', 104665),
(106, 'Rankšluostis WATERSIDE (50x100 cm)', 2535, '', 104667),
(107, 'Rankšluostis WATERSIDE (70x140 cm)', 2535, '', 104668),
(108, 'Rankšluostis ''Unwind'' Meyzer pestemal (50x100 cm)', 2535, 'Rankšluostis su tradiciniais turkiškos pirties motyvais.', 104669),
(109, 'Moteriški marškinėliai Hanes Tagless Crew Neck (balti)', 2538, 'Klasikiniai liemenuoti, aptempti moteriški marškinėliai, 155g/m. \r\n\r\n', 104670),
(110, 'Moteriški marškinėliai Hanes Tagless Crew Neck (spalvoti)', 2538, 'Klasikiniai liemenuoti, aptempti moteriški marškinėliai, 155g/m. \r\n\r\n', 104671),
(111, 'Moteriški marškinėliai Hanes Tagless V Neck (balti)', 2538, 'Klasikiniai liemenuoti, aptempti marškinėliai V kaklu moterims, 155 g/m. \r\n\r\n', 104672),
(112, 'Moteriški marškinėliai Hanes Tagless V Neck (spalvoti)', 2538, 'Klasikiniai liemenuoti, aptempti marškinėliai V kaklu moterims, 155 g/m. \r\n\r\n', 104673),
(113, 'Moteriški marškinėliai Hanes Tagless Tank Top (balti)', 2538, 'Moteriški marškinėliai be rankovių. \r\n\r\n', 104675),
(114, 'Moteriški marškinėliai Hanes Tagless Tank Top (spalvoti)', 2538, 'Moteriški marškinėliai be rankovių. \r\n\r\n', 104676),
(115, 'Moteriški marškinėliai Hanes Tagless Long Sleeve (balti)', 2538, 'Klasikiniai moteriški marškinėliai ilgomis rankovėmis, 185g/m. \r\n\r\n', 104678),
(116, 'Moteriški marškinėliai Hanes Tagless Long Sleeve (spalvoti)', 2538, 'Klasikiniai moteriški marškinėliai ilgomis rankovėmis, 185g/m. \r\n\r\n', 104679),
(117, 'Moteriški marškinėliai Hanes Tagless Crew Neck SPORTS (balti)', 2538, 'Moteriški marškinėliai sportui, trumpomis rankovėmis, 145g/m. \r\n\r\n', 104680),
(118, 'Moteriški marškinėliai Hanes Tagless Crew Neck SPORTS (spalvoti)', 2538, 'Moteriški marškinėliai sportui, trumpomis rankovėmis, 145g/m. \r\n\r\n', 104681),
(119, 'Moteriški marškinėliai Hanes Tagless V-Neck Contrast Sports (balti)', 2538, 'Moteriški sportiniai marškinėliai V formos kaklu su kontrastingomis juostelėmis, 200g/m. \r\n\r\n', 104682),
(120, 'Moteriški marškinėliai Hanes Tagless V-Neck Contrast Sports (spalvoti)', 2538, 'Moteriški sportiniai marškinėliai V formos kaklu su kontrastingomis juostelėmis, 200g/m. \r\n\r\n', 104683),
(121, 'Moteriškas džemperis Hanes Tagless Hooded Jacket Sports', 2540, 'Moteriškas sportinis megztinis su gaubtuvu.', 104684),
(122, 'Moteriški marškinėliai Hanes Tagless Crew Neck Organic (balti)', 2538, '', 104687),
(123, 'Moteriški marškinėliai Hanes Tagless Crew Neck Organic (spalvoti)', 2538, '', 104688),
(124, 'Vyriški marškinėliai Hanes Heavy-T (balti)', 2538, 'Klasikiniai marškinėliai, 180g/m.', 104691),
(125, 'Vyriški marškinėliai Hanes Heavy-T (spalvoti)', 2538, 'Klasikiniai marškinėliai, 180g/m.', 104692),
(126, 'Vyriški marškinėliai Hanes Beefy-T (balti)', 2538, 'Klasikiniai marškinėliai.', 104693),
(127, 'Vyriški marškinėliai Hanes Beefy-T (spalvoti)', 2538, 'Klasikiniai marškinėliai.', 104694),
(128, 'Vyriški marškinėliai Hanes Beefy-T (balti) XXL', 2538, 'Klasikiniai marškinėliai.', 104695),
(129, 'Vyriški marškinėliai Hanes Beefy-T (balti) XXXL', 2538, 'Klasikiniai marškinėliai.', 104696),
(130, 'Vyriški marškinėliai Hanes Beefy-T (spalvoti) XXL', 2538, 'Klasikiniai marškinėliai.', 104697),
(131, 'Vyriški marškinėliai Hanes Beefy-T (spalvoti) XXXL', 2538, 'Klasikiniai marškinėliai.', 104698),
(132, 'Vyriški marškinėliai Hanes Top-T (balta)', 2538, 'Klasikiniai marškinėliai, 160g/m. ', 104707),
(133, 'Vyriški marškinėliai Hanes Top-T (balta) XXL', 2538, 'Klasikiniai marškinėliai, 160g/m. ', 104708),
(134, 'Vyriški marškinėliai Hanes Top-T (spalvoti)', 2538, 'Klasikiniai marškinėliai, 160g/m. ', 104709),
(135, 'Vyriški marškinėliai Hanes Top-T (spalvoti) XXL', 2538, 'Klasikiniai marškinėliai, 160g/m. ', 104710),
(136, 'Vyriški marškinėliai Hanes Fit-T (balti)', 2538, 'Prigludę marškinėliai, 160g/m.', 104712),
(137, 'Vyriški marškinėliai Hanes Fit-T (balti) XXL', 2538, 'Prigludę marškinėliai, 160g/m.', 104713),
(138, 'Vyriški marškinėliai Hanes Fit-T (spalvoti)', 2538, 'Prigludę marškinėliai, 160g/m.', 104714),
(139, 'Vyriški marškinėliai Hanes Fit-T (spalvoti) XXL', 2538, 'Prigludę marškinėliai, 160g/m.', 104715),
(140, 'Vyriški marškinėliai Hanes Vee-T (balti)', 2538, 'Klasikiniai V formos marškinėliai, 160g/m.', 104732),
(141, 'Vyriški marškinėliai Hanes Vee-T (balti) XXL', 2538, 'Klasikiniai V formos marškinėliai, 160g/m.', 104733),
(142, 'Vyriški marškinėliai Hanes Vee-T (spalvoti)', 2538, 'Klasikiniai V formos marškinėliai, 160g/m.', 104734),
(143, 'Vyriški marškinėliai Hanes Vee-T (spalvoti) XXL', 2538, 'Klasikiniai V formos marškinėliai, 160g/m.', 104735),
(144, 'Vyriški marškinėliai Hanes Heavy-T Long Sleeve (spalvoti)', 2538, 'Klasikiniai marškinėliai ilgomis rankovėmis 180g/m. Sudėtis: 100% - medvilnė. \r\n\r\n', 104739),
(145, 'Vyriški marškinėliai Hanes Heavy-T Long Sleeve (spalvoti) XXL', 2538, 'Klasikiniai marškinėliai ilgomis rankovėmis 180g/m. Sudėtis: 100% - medvilnė. \r\n\r\n', 104740),
(146, 'Vyriški marškinėliai Hanes Fit-T Long Sleeve (balti)', 2538, 'Prigludę marškinėliai ilgomis rankovėmis 160g/m2. Sudėtis: 100% - medvilnė. \r\n\r\n', 104741),
(147, 'Vyriški marškinėliai Hanes Fit-T Long Sleeve (balti) XXL', 2538, 'Prigludę marškinėliai ilgomis rankovėmis 160g/m2. Sudėtis: 100% - medvilnė. \r\n\r\n', 104742),
(148, 'Vyriški marškinėliai Hanes Fit-T Long Sleeve (spalvoti)', 2538, 'Prigludę marškinėliai ilgomis rankovėmis 160g/m2. Sudėtis: 100% - medvilnė. \r\n\r\n', 104743),
(149, 'Vyriški marškinėliai Hanes Fit-T Long Sleeve (spalvoti) XXL', 2538, 'Prigludę marškinėliai ilgomis rankovėmis 160g/m2. Sudėtis: 100% - medvilnė. \r\n\r\n', 104744),
(150, 'Vyriški marškinėliai Hanes Fit-T Sleeveless (balti)', 2538, 'Prigludę marškinėliai be rankovių 160g/m2. Sudėtis: 100% - medvilnė. \r\n\r\n', 104745),
(151, 'Vyriški marškinėliai Hanes Fit-T Sleeveless (balti) XXL', 2538, 'Prigludę marškinėliai be rankovių 160g/m2. Sudėtis: 100% - medvilnė. \r\n\r\n', 104746),
(152, 'Vyriški marškinėliai Hanes Fit-T Sleeveless (spalvoti)', 2538, 'Prigludę marškinėliai be rankovių 160g/m2. Sudėtis: 100% - medvilnė. \r\n\r\n', 104747),
(153, 'Vyriški marškinėliai Hanes Fit-T Sleeveless (spalvoti) XXL', 2538, 'Prigludę marškinėliai be rankovių 160g/m2. Sudėtis: 100% - medvilnė. \r\n\r\n', 104748),
(154, 'Vyriški marškinėliai Hanes Fit-T Tank Top (balti)', 2538, 'Prigludrę marškinėliai be rankovių 160g/m. \r\n\r\n', 104749),
(155, 'Vyriški marškinėliai Hanes Fit-T Tank Top (balti) XXL', 2538, 'Prigludrę marškinėliai be rankovių 160g/m. ', 104750),
(156, 'Vyriški marškinėliai Hanes Fit-T Tank Top (spalvoti)', 2538, 'Prigludrę marškinėliai be rankovių 160g/m. ', 104751),
(157, 'Vyriški marškinėliai Hanes Fit-T Tank Top (spalvoti) XXL', 2538, 'Prigludrę marškinėliai be rankovių 160g/m. ', 104752),
(158, 'Vyriški marškinėliai Hanes Baseball (spalvoti)', 2538, 'Klasikiniai marškinėliai su kitos spalvos rankovėmis, puikiai tinka sportui, bei laisvalaikiui. \r\n\r\n', 104754),
(159, 'Vyriški marškinėliai Hanes Baseball (spalvoti) XXL', 2538, 'Klasikiniai marškinėliai su kitos spalvos rankovėmis, puikiai tinka sportui, bei laisvalaikiui. \r\n\r\n', 104755),
(160, 'Vyriški marškinėliai Hanes Top POLO (balti)', 2538, 'Klasikiniai polo marškinėliai 180 g/m2. ', 104756),
(161, 'Vyriški marškinėliai Hanes Top POLO (balti) XXL', 2538, 'Klasikiniai polo marškinėliai 180 g/m2. ', 104757),
(162, 'Vyriški marškinėliai Hanes Top POLO (balti) XXXL', 2538, 'Klasikiniai polo marškinėliai 180 g/m2. ', 104758),
(163, 'Vyriški marškinėliai Hanes Top POLO (spalvoti)', 2538, 'Klasikiniai polo marškinėliai 180 g/m2. ', 104759),
(164, 'Vyriški marškinėliai Hanes Top POLO (spalvoti) XXL', 2538, 'Klasikiniai polo marškinėliai 180 g/m2. ', 104760),
(165, 'Vyriški marškinėliai Hanes Top Polo Pocket (balta)', 2538, 'Klasikiniai polo marškinėliai su kišene, 180 g/m2. ', 104761),
(166, 'Vyriški marškinėliai Hanes Top POLO (spalvoti) XXXL', 2538, 'Klasikiniai polo marškinėliai 180 g/m2. ', 104762),
(167, 'Vyriški marškinėliai Hanes Top Polo Pocket (balta) XXL', 2538, 'Klasikiniai polo marškinėliai su kišene, 180 g/m2. ', 104763),
(168, 'Vyriški marškinėliai Hanes Top Polo Pocket (spalvoti)', 2538, 'Klasikiniai polo marškinėliai su kišene, 180 g/m2. ', 104764),
(169, 'Vyriški marškinėliai Hanes Top Polo Pocket (spalvoti) XXL', 2538, 'Klasikiniai polo marškinėliai su kišene, 180 g/m2. ', 104765),
(170, 'Vyriški marškinėliai Hanes Top POLO Long Sleeve (balti)', 2538, 'Polo marškinėliai ilgomis rankovėmis 180 g/m2. \r\n\r\n', 104766),
(171, 'Vyriški marškinėliai Hanes Top POLO Long Sleeve (balti) XXL', 2538, 'Polo marškinėliai ilgomis rankovėmis 180 g/m2. \r\n\r\n', 104767),
(172, 'Vyriški marškinėliai Hanes Top POLO Long Sleeve (spalvoti)', 2538, 'Polo marškinėliai ilgomis rankovėmis 180 g/m2. \r\n\r\n', 104768),
(173, 'Vyriški marškinėliai Hanes Top POLO Long Sleeve (spalvoti) XXL', 2538, 'Polo marškinėliai ilgomis rankovėmis 180 g/m2. \r\n\r\n', 104769),
(174, 'Vyriški marškinėliai Hanes Club Polo (spalvoti)', 2538, 'Stilizuoti polo marškinėliai su kitos spalvos apvadais.', 104770),
(175, 'Vyriški marškinėliai Hanes Club Polo (spalvoti) XXL', 2538, 'Stilizuoti polo marškinėliai su kitos spalvos apvadais.', 104771),
(176, 'Vyriški marškinėliai Hanes Beefy Polo (balti)', 2538, 'Klasikiniai polo marškinėliai tinka sportuoti, bei kasdieniai veiklai. \r\n', 104772),
(177, 'Vyriški marškinėliai Hanes Beefy Polo (balti) XXL', 2538, 'Klasikiniai polo marškinėliai tinka sportuoti, bei kasdieniai veiklai. ', 104773),
(178, 'Vyriški marškinėliai Hanes Beefy Polo (spalvoti)', 2538, 'Klasikiniai polo marškinėliai tinka sportuoti, bei kasdieniai veiklai. ', 104774),
(179, 'Vyriški marškinėliai Hanes Beefy Polo (spalvoti) XXL', 2538, 'Klasikiniai polo marškinėliai tinka sportuoti, bei kasdieniai veiklai. ', 104775),
(180, 'Vyriški marškinėliai Hanes Beefy Polo LS (balti)', 2538, 'Beefy Polo marškinėliai ilgomis rankovėmis. Puikiai tinka kasdieniniai veiklai. \r\n', 104776),
(181, 'Vyriški marškinėliai Hanes Beefy Polo LS (balti) XXL', 2538, 'Beefy Polo marškinėliai ilgomis rankovėmis. Puikiai tinka kasdieniniai veiklai. ', 104777),
(182, 'Vyriški marškinėliai Hanes Beefy Polo LS (spalvoti)', 2538, 'Beefy Polo marškinėliai ilgomis rankovėmis. Puikiai tinka kasdieniniai veiklai. ', 104778),
(183, 'Vyriški marškinėliai Hanes Beefy Polo LS (spalvoti) XXL', 2538, 'Beefy Polo marškinėliai ilgomis rankovėmis. Puikiai tinka kasdieniniai veiklai. ', 104779),
(184, 'Vyriškas džemperis Hanes Sweat (baltas)', 2540, 'Klasikinis megztinis. \r\n\r\n', 104780),
(185, 'Vyriškas džemperis Hanes Sweat (baltas) XXL', 2540, 'Klasikinis megztinis. \r\n\r\n', 104781),
(186, 'Vyriškas džemperis Hanes Sweat (baltas) XXXL', 2540, 'Klasikinis megztinis. \r\n\r\n', 104782),
(187, 'Vyriškas džemperis Hanes Sweat (spalvoti)', 2540, 'Klasikinis megztinis. \r\n\r\n', 104783),
(188, 'Vyriškas džemperis Hanes Sweat (spalvoti) XXL', 2540, 'Klasikinis megztinis. \r\n\r\n', 104784),
(189, 'Vyriškas džemperis Hanes Sweat (spalvoti) XXXL', 2540, 'Klasikinis megztinis. \r\n\r\n', 104785),
(190, 'Vyriškas džemperis Hanes Beefy Sweat (baltas)', 2540, 'Klasikinis megztinis, tai aukščiausios kokybės megztinis iš šios kategorijos. ', 104786),
(191, 'Vyriškas džemperis Hanes Beefy Sweat (baltas) XXL', 2540, 'Klasikinis megztinis, tai aukščiausios kokybės megztinis iš šios kategorijos. ', 104787),
(192, 'Vyriškas džemperis Hanes Beefy Sweat (spalvoti)', 2540, 'Klasikinis megztinis, tai aukščiausios kokybės megztinis iš šios kategorijos. ', 104788),
(193, 'Vyriškas džemperis Hanes Beefy Sweat (spalvoti) XXL', 2540, 'Klasikinis megztinis, tai aukščiausios kokybės megztinis iš šios kategorijos. ', 104789),
(194, 'Vyriškas džemperis Hanes Beefy Hooded Jacket', 2540, 'Megztinis su gaubtuvu.', 104790),
(195, 'Vyriškas džemperis Hanes Beefy Hooded Jacket XXL', 2540, 'Megztinis su gaubtuvu.', 104791),
(196, 'Vyriškas džemperis Hanes Trucker Sweat', 2540, 'Klasikinis megztinis su užtrauktuku. Tinka aktyviai veiklai. \r\n\r\n', 104793),
(197, 'Vyriškas džemperis Hanes Trucker Sweat XXL', 2540, 'Klasikinis megztinis su užtrauktuku. Tinka aktyviai veiklai. \r\n\r\n', 104794),
(198, 'Vyriškas džemperis Hanes Pullover V-Neck', 2540, 'Elegantiškas megztinis su V formos kaklo iškirpte.', 104796),
(199, 'Vyriškas džemperis Hanes Pullover V-Neck XXL', 2540, 'Elegantiškas megztinis su V formos kaklo iškirpte.', 104797),
(200, 'Vyriški marškinėliai Hanes Tagless Crew Neck (balti)', 2538, 'Klasikiniai vyriški marškinėliai, 155 g/m.', 104799),
(201, 'Vyriški marškinėliai Hanes Tagless Crew Neck (balti) XXXL', 2538, 'Klasikiniai vyriški marškinėliai, 155 g/m.', 104801),
(202, 'Vyriški marškinėliai Hanes Tagless Crew Neck (spalvoti)', 2538, 'Klasikiniai vyriški marškinėliai, 155 g/m.', 104802),
(203, 'Vyriški marškinėliai Hanes Tagless Crew Neck (spalvoti) XXXL', 2538, 'Klasikiniai vyriški marškinėliai, 155 g/m.', 104803),
(204, 'Vyriški marškinėliai Hanes Tagless V-Neck (balti)', 2538, 'Klasikiniai vyriški marškinėliai V kaklu, 155 g/m.', 104804),
(205, 'Vyriški marškinėliai Hanes Tagless V-Neck (balti) XXXL', 2538, 'Klasikiniai vyriški marškinėliai V kaklu, 155 g/m.', 104805),
(206, 'Vyriški marškinėliai Hanes Tagless V-Neck (spalvoti)', 2538, 'Klasikiniai vyriški marškinėliai V kaklu, 155 g/m.', 104806),
(207, 'Vyriški marškinėliai Hanes Tagless V-Neck (spalvoti) XXXL', 2538, 'Klasikiniai vyriški marškinėliai V kaklu, 155 g/m.', 104807),
(208, 'Vyriški marškinėliai Hanes Tagless Long Sleeve (balti)', 2538, 'Klasikiniai vyriški marškinėliai ilgomis rankovėmis, 185g/m. \r\n\r\n', 104808),
(209, 'Vyriški marškinėliai Hanes Tagless Long Sleeve (balti) XXXL', 2538, 'Klasikiniai vyriški marškinėliai ilgomis rankovėmis, 185g/m. \r\n\r\n', 104809),
(210, 'Vyriški marškinėliai Hanes Tagless Long Sleeve (spalvoti)', 2538, 'Klasikiniai vyriški marškinėliai ilgomis rankovėmis, 185g/m. \r\n\r\n', 104810),
(211, 'Vyriški marškinėliai Hanes Tagless Long Sleeve (spalvoti) XXXL', 2538, 'Klasikiniai vyriški marškinėliai ilgomis rankovėmis, 185g/m. \r\n\r\n', 104811),
(212, 'Vyriški marškinėliai Hanes Tagless Crew Neck Sports (balti)', 2538, 'Vyriški marškinėliai sportui, trumpomis rankovėmis, 145g/m. \r\n\r\n', 104812),
(213, 'Vyriški marškinėliai Hanes Tagless Crew Neck Sports (balti) XXXL', 2538, 'Vyriški marškinėliai sportui, trumpomis rankovėmis, 145g/m. \r\n\r\n', 104813),
(214, 'Vyriški marškinėliai Hanes Tagless Crew Neck Sports (spalvoti)', 2538, 'Vyriški marškinėliai sportui, trumpomis rankovėmis, 145g/m. \r\n\r\n', 104814),
(215, 'Vyriški marškinėliai Hanes Tagless Crew Neck Sports (spalvoti) XXXL', 2538, 'Vyriški marškinėliai sportui, trumpomis rankovėmis, 145g/m. \r\n\r\n', 104815),
(216, 'Vyriški marškinėliai Hanes Tagless Crew Neck Contrast Sports (spalvoti)', 2538, 'Sportiniai marškinėliai su kontrastingomis juostelėmis.', 104818),
(217, 'Vyriški marškinėliai Hanes Tagless Crew Neck Contrast Sports (spalvoti) XXXL', 2538, 'Sportiniai marškinėliai su kontrastingomis juostelėmis.', 104819),
(218, 'Vyriški marškinėliai Hanes Tagless LS Sports (balti)', 2538, 'Vyriški marškinėliai ilgomis rankovėmis, 145 g/m. \r\n\r\n', 104820),
(219, 'Vyriški marškinėliai Hanes Tagless LS Sports (balti) XXXL', 2538, 'Vyriški marškinėliai ilgomis rankovėmis, 145 g/m. \r\n\r\n', 104821),
(220, 'Vyriški marškinėliai Hanes Tagless LS Sports (spalvoti)', 2538, 'Vyriški marškinėliai ilgomis rankovėmis, 145 g/m. \r\n\r\n', 104822),
(221, 'Vyriški marškinėliai Hanes Tagless LS Sports (spalvoti) XXXL', 2538, 'Vyriški marškinėliai ilgomis rankovėmis, 145 g/m. \r\n\r\n', 104823),
(222, 'Vyriški marškinėliai Hanes Tagless Tank Top Sports (balta)', 2538, 'Marškinėliai be rankovių, sportui, 145 g/m. \r\n\r\n', 104824),
(223, 'Vyriški marškinėliai Hanes Tagless Tank Top Sports (balta) XXXL', 2538, 'Marškinėliai be rankovių, sportui, 145 g/m. \r\n\r\n', 104825),
(224, 'Vyriški marškinėliai Hanes Tagless Tank Top Sports (spalvoti)', 2538, 'Marškinėliai be rankovių, sportui, 145 g/m. \r\n\r\n', 104826),
(225, 'Vyriški marškinėliai Hanes Tagless Tank Top Sports (spalvoti) XXXL', 2538, 'Marškinėliai be rankovių, sportui, 145 g/m. \r\n\r\n', 104827),
(226, 'Vyriški marškinėliai Hanes Tagless Polo Sports (balti)', 2538, 'Polo marškinėliai sportui, 145 g/m. \r\n\r\n', 104831),
(227, 'Vyriški marškinėliai Hanes Tagless Polo Sports (balti) XXXL', 2538, 'Polo marškinėliai sportui, 145 g/m. \r\n\r\n', 104832),
(228, 'Vyriški marškinėliai Hanes Tagless Polo Sports (spalvoti)', 2538, 'Polo marškinėliai sportui, 145 g/m. \r\n\r\n', 104833),
(229, 'Vyriški marškinėliai Hanes Tagless Polo Sports (spalvoti) XXXL', 2538, 'Polo marškinėliai sportui, 145 g/m. \r\n\r\n', 104834),
(230, 'Vyriški marškinėliai Hanes Tagless Polo Contrast Sports (spalvoti)', 2538, 'Sportiniai Polo marškinėliai su kontrastingomis juostelėmis. \r\n\r\n', 104838),
(231, 'Vyriški marškinėliai Hanes Tagless Polo Contrast Sports (spalvoti) XXXL', 2538, 'Sportiniai Polo marškinėliai su kontrastingomis juostelėmis. \r\n\r\n', 104839),
(232, 'Vyriškas džemperis Hanes Tagless Hooded Sports', 2540, 'Vyriškas sportinis megztinis su gaubtuvu. \r\n\r\n', 104840),
(233, 'Vyriškas džemperis Hanes Tagless Hooded Sorts XXXL', 2540, 'Vyriškas sportinis megztinis su gaubtuvu. \r\n\r\n', 104841),
(234, 'Vyriški marškinėliai Crew Neck Organic (balti)', 2538, 'Klasikiniai vyriški marškinėliai, pagaminti iš ekologiškos medvilnės. 185 g/m. ', 104842),
(235, 'Vyriški marškinėliai Crew Neck Organic (balti) XXXL', 2538, 'Klasikiniai vyriški marškinėliai, pagaminti iš ekologiškos medvilnės. 185 g/m. ', 104843),
(236, 'Vyriški marškinėliai Crew Neck Organic (spalvoti)', 2538, 'Klasikiniai vyriški marškinėliai, pagaminti iš ekologiškos medvilnės. 185 g/m. ', 104844),
(237, 'Vyriški marškinėliai Crew Neck Organic (spalvoti) XXXL', 2538, 'Klasikiniai vyriški marškinėliai, pagaminti iš ekologiškos medvilnės. 185 g/m. \r\n', 104845),
(238, 'Vyriški marškinėliai Hanes Tagless Crew Neck Organic (balti)', 2538, 'Vyriški marškinėliai iš ekologiškos medvilnės. 155g/m. \r\n\r\n', 104847),
(239, 'Vyriški marškinėliai Hanes Tagless Crew Neck Organic (balti) XXXL', 2538, 'Vyriški marškinėliai iš ekologiškos medvilnės. 155g/m. ', 104849),
(240, 'Vyriški marškinėliai Hanes Tagless Crew Neck Organic (spalvoti)', 2538, 'Vyriški marškinėliai iš ekologiškos medvilnės. 155g/m. ', 104850),
(241, 'Vyriški marškinėliai Hanes Tagless Crew Neck Organic (spalvoti) XXXL', 2538, 'Vyriški marškinėliai iš ekologiškos medvilnės. 155g/m. ', 104851),
(242, 'Vyriški marškinėliai Hanes Tagless V Neck Organic (balta)', 2538, 'Vyriški V formos marškinėliai iš ekologiškos medvilnės. \r\n\r\n', 104852),
(243, 'Vyriški marškinėliai Hanes Tagless V Neck Organic (balta) XXXL', 2538, 'Vyriški V formos marškinėliai iš ekologiškos medvilnės. \r\n\r\n', 104853),
(244, 'Vyriški marškinėliai Hanes Tagless V Neck Organic (spalvoti)', 2538, 'Vyriški V formos marškinėliai iš ekologiškos medvilnės. \r\n\r\n', 104854),
(245, 'Vyriški marškinėliai Hanes Tagless V Neck Organic (spalvoti) XXXL', 2538, 'Vyriški V formos marškinėliai iš ekologiškos medvilnės. \r\n\r\n', 104855),
(246, 'Vyriški marškinėliai Hanes Tagless Polo Organic (balti)', 2538, 'Polo marškinėliai pagaminti iš ekologiškos medvilnės. \r\n\r\n', 104861),
(247, 'Vyriški marškinėliai Hanes Tagless Polo Organic (balti) XXXL', 2538, 'Polo marškinėliai pagaminti iš ekologiškos medvilnės. \r\n\r\n', 104862),
(248, 'Vyriški marškinėliai Hanes Tagless Polo Organic (spalvoti)', 2538, 'Polo marškinėliai pagaminti iš ekologiškos medvilnės. \r\n\r\n', 104863),
(249, 'Vyriški marškinėliai Hanes Tagless Polo Organic (spalvoti) XXXL', 2538, 'Polo marškinėliai pagaminti iš ekologiškos medvilnės. \r\n\r\n', 104864),
(250, 'Vyriškas džemperis Hanes Tagless Sweat Organic', 2540, 'Vyriškas džemperis iš ekologiškos medvilnės.', 104866),
(251, 'Vyriškas džemperis Hanes Tagless Sweat Organic  XXXL', 2540, 'Vyriškas džemperis iš ekologiškos medvilnės.', 104867),
(252, 'Vyriškas džemperis Hanes Tagless Hooded Organic', 2540, 'Vyriškas džemperis su gaubtuvu iš ekologiškos medvilnės. \r\n\r\n', 104868),
(253, 'Vyriškas džemperis Hanes Tagless Hooded Organic XXXL', 2540, 'Vyriškas džemperis su gaubtuvu iš ekologiškos medvilnės. \r\n\r\n', 104869),
(254, 'Vyriški polo marškinėliai Standard', 2538, '', 104870),
(255, 'Vyriški polo marškinėliai Cool', 2538, '', 104871),
(256, 'Vyriška kepuraitė Classic', 2539, '', 104872),
(257, 'Vyriška kepuraitė Comfort', 2539, '', 104875),
(258, 'Vyriška kepuraitė Active', 2539, '', 104876),
(259, 'Vyriška kepuraitė Pilot', 2539, '', 104877),
(260, 'Vyriška kepuraitė Heavy ranger', 2539, '', 104879),
(261, 'Vyriška kepuraitė Army ranger', 2539, '', 104880),
(262, 'Vyriška kepuraitė Jumper', 2539, '', 104881),
(263, 'Vyriška kepuraitė Surf', 2539, '', 104882),
(264, 'Moteriška kepuraitė Race', 2539, '', 104883),
(265, 'Moteriška kepuraitė Summer', 2539, '', 104885),
(266, 'Moteriška kepuraitė Safari', 2539, '', 104887),
(267, 'Vaikiška kepuraitė Classic Kid', 2539, '', 104888),
(268, 'Vyriškas džemperis Weekend', 2540, '', 105001),
(269, 'Moteriškas džemperis Ladies Weekend', 2540, '', 105002),
(270, 'Vyriškas džemperis Teddy', 2540, 'Vyriškas džemperis su užtrauktuku ir su gobtuvu.', 105003),
(271, 'Moteriškas džemperis Ladies Teddy', 2540, 'Moteriškas džemperis su užtrauktuku ir su gobtuvu.', 105004),
(272, 'Vyriški polo marškinėliai Cotton', 2538, '', 105006),
(273, 'Vyriški polo marškinėliai Edge', 2538, '', 105007),
(274, 'Vyriški polo marškinėliai Coast', 2538, '', 105008),
(275, 'Vyriški polo marškinėliai Line', 2538, 'Vyriški polo marškinėliai su dekoratyvinėmis juostelėmis ant rankovių ir apykaklės.', 105010),
(276, 'Vyriški polo marškinėliai Stripe', 2538, 'Vyriški polo dryžuoti marškinėliai.', 105018),
(277, 'Vyriški polo marškinėliai  Long Cotton', 2538, 'Vyriški polo marškinėliai ilgomis rankovėmis.', 105021),
(278, 'Vyriški polo marškinėliai Level', 2538, 'Vyriški polo marškinėliai su užtrauktuku.', 105022),
(279, 'Moteriški polo marškinėliai Sea', 2538, '', 105023),
(280, 'Moteriški polo marškinėliai Ladies Cotton', 2538, '', 105024),
(281, 'Moteriški polo marškinėliai Ladies Line', 2538, '', 105025),
(282, 'Vyriškas džemperis Single', 2540, 'Vyriškas džemperis su užtrauktuku.', 105027),
(283, 'Vyriškas džemperis Mens Swing', 2540, 'Dviejų spalvų vyriškas džemperis su užtrauktuku.', 105028),
(284, 'Vyriškas džemperis Camp', 2540, 'Dviejų spalvų vyriškas džemperis su kišenėmis. ', 105032),
(285, 'Vyriškas džemperis Mens Double', 2540, 'Vyriškas džemperis su kišenėmis. ', 105033),
(286, 'Vyriškas džemperis Lane', 2540, 'Vyriškas džemperis su kišenėmis ir su gobtuvu.', 105035),
(287, 'Vyriškas džemperis Gambler', 2540, 'Šiltas vyriškas džemperis su gobtuvu.', 105036),
(288, 'Moteriškas džemperis Ladies Swing', 2540, 'Dviejų spalvų moteriškas džemperis su užtrauktuku.', 105038),
(289, 'Moteriškas džemperis Ladies Double', 2540, 'Moteriškas džemperis su kišenėmis. ', 105040),
(290, 'Moteriškas džemperis Daisy', 2540, 'Moteriškas džemperis su nuimamu gobtuvu.', 105041),
(291, 'Vyriški marškinėliai T-Shirts Standart (balti)', 2538, '', 105058),
(292, 'Vyriški marškinėliai T-Shirts Standart (spalvoti)', 2538, '', 105062),
(293, 'Vyriški marškinėliai T-Shirts Cruise', 2538, '', 105063),
(294, 'Vyriški marškinėliai T-Shirts Heavy (balta)', 2538, '', 105064),
(295, 'Vyriški marškinėliai T-Shirts Heavy (spalvoti)', 2538, '', 105065),
(296, 'Vyriški marškinėliai T-Shirts Premium (balti)', 2538, '', 105066),
(297, 'Vyriški marškinėliai T-Shirts Premium (spalvoti)', 2538, '', 105067),
(298, 'Vyriški marškinėliai T-Shirts Excellence', 2538, '', 105072),
(299, 'Vyriški marškinėliai T-Shirts Supreme', 2538, '', 105079),
(300, 'Vyriški marškinėliai T-Shirts Short Heavy (balti)', 2538, 'Vyriški marškinėliai be rankovių.', 105083),
(301, 'Vyriški marškinėliai T-Shirts Short Heavy (spalvoti)', 2538, 'Vyriški marškinėliai be rankovių.', 105085),
(302, 'Vyriški marškinėliai T-Shirts Chill', 2538, '', 105086),
(303, 'Vyriški marškinėliai T-Shirts Slim', 2538, '', 105087),
(304, 'Vyriški marškinėliai T-Shirts V-Neck (balti)', 2538, '', 105088),
(305, 'Vyriški marškinėliai T-Shirts V-Neck (spalvoti)', 2538, '', 105089),
(306, 'Moteriški marškinėliai T-Shirts Violet', 2538, 'Moteriški marškinėliai be rankovių.', 105091),
(307, 'Moteriški marškinėliai T-Shirts Ladies Chill', 2538, 'Moteriški sporto marškinėliai su Raglan rankovėmis.', 105093),
(308, 'Moteriški marškinėliai T-Shirts Ladies Slim', 2538, '', 105094),
(309, 'Moteriški marškinėliai T-Shirts Ladies Heavy (balti)', 2538, '', 105095),
(310, 'Moteriški marškinėliai T-Shirts Ladies Heavy (spalvoti)', 2538, '', 105096),
(311, 'Moteriški marškinėliai T-Shirts Ladies Blouse', 2538, '', 105097),
(312, 'Moteriški marškinėliai T-Shirts Ladies Voyage', 2538, 'Moteriški marškinėliai ilgomis rankovėmis.', 105099),
(313, 'Vaikiški marškinėliai T-Shirts Standart (spalvoti)', 2538, '', 105100),
(314, 'Vyriški marškinėliai T-Shirts Voyage', 2538, 'Vyriški marškinėliai ilgomis rankovėmis.', 105101),
(315, 'Vaikiški marškinėliai T-Shirts Standart (balti)', 2538, '', 105103),
(316, 'Kepuraitė HAT CLASSIC', 2539, '', 105364),
(317, 'Vyriški marškiniai Men''s blouse short sleeve', 2538, '', 105425),
(318, 'Moteriškas džemperis B&C COOLSTAR (FW752)', 2540, 'Moteriškas džemperis su užtrauktuku.', 106533),
(319, 'Diržas Isabelle', 2647, '', 111693),
(320, 'Diržas Gabi', 2647, '', 111723),
(321, 'Diržas Rokoko II', 2647, '', 111725),
(322, 'Diržas Jonquil', 2647, '', 111727),
(323, 'Diržas Rokoko', 2647, '', 111729),
(324, 'Diržas Calista', 2647, '', 111731),
(325, 'Šortukai Lime set', 2645, '', 111735),
(326, 'Šortukai Safari 100 set', 2645, '', 111744),
(327, 'Šortukai Kola set', 2645, '', 111745),
(328, 'Šortukai - string Currara set', 2645, '', 111746),
(329, 'String Tea set', 2643, '', 111748),
(330, 'String Keria set', 2643, '', 111756),
(331, 'String Katie set', 2643, '', 111758),
(332, 'String Coffee set', 2643, '', 111763),
(333, 'String Hot Lime set', 2643, '', 111768),
(334, 'String Hot Navy set', 2643, '', 111775),
(335, 'String-tanga Ksara set', 2643, '', 111777),
(336, 'Gabi B01 set', 2643, '', 111780),
(337, 'String Diamond set', 2643, '', 111802),
(338, 'Ola set', 2643, '', 111807),
(339, 'String Safari Frivo set', 2643, '', 111808),
(340, 'String Safari Tulle up set', 2643, '', 111811),
(341, 'String-tanga Safari Slim push up set', 2643, '', 111818),
(342, 'Mona Mour set', 2643, '', 111822),
(343, 'String Cindy set', 2643, '', 111827),
(344, 'Glow set', 2643, '', 111833),
(345, 'Szahira set', 2643, '', 111838),
(346, 'String Victoria set', 2643, '', 111841),
(347, 'Vip Code set', 2643, '', 111848),
(348, 'String Eau Lazur set', 2643, '', 111856),
(349, 'String Šeri set', 2643, '', 111869),
(350, 'String Lilith set', 2643, '', 111882),
(351, 'String Gold set', 2643, '', 111890),
(352, 'String Dolce Vita set', 2643, '', 111897),
(353, 'String Quin set', 2643, '', 111901),
(354, 'String Marabut set', 2643, '', 111907),
(355, 'String-tanga Decor set', 2643, '', 111913),
(356, 'Magnolia 188 set', 2643, '', 111922),
(357, 'String Sporty 103 set', 2643, '', 111926),
(358, 'String Astera 137 set', 2643, '', 111931),
(359, 'String-tanga Manilla set', 2643, '', 111936),
(360, 'String Kori set', 2643, '', 111939),
(361, 'String Carmel set', 2643, '', 111944),
(362, 'String-tanga Bacardi set', 2643, '', 111950),
(363, 'String-tanga Star set', 2643, '', 111956),
(364, 'String-šortukai Currara set', 2643, '', 111965),
(365, 'String-tanga Cayenne set', 2643, '', 111969),
(366, 'String Gazette 114 set', 2643, '', 111974),
(367, 'Korsetas Butterfly', 2646, '', 111976),
(368, 'Korsetas Sweatheart', 2646, '', 111978),
(369, 'Korsetas Venecija', 2646, '', 111980),
(370, 'Korsetas Crystal', 2646, '', 111982),
(371, 'Korsetas Diva', 2646, '', 111983),
(372, 'Korsetas Rokoko II set', 2646, '', 111984),
(373, 'Korsetas Madonna set', 2646, '', 111985),
(374, 'Korsetas Butterfly string set', 2646, '', 111986),
(375, 'Korsetas Jonquil set', 2646, '', 111987),
(376, 'Korsetas Rokoko set', 2646, '', 111988),
(377, 'Korsetas Glow set', 2646, '', 111989),
(378, 'Korsetas Paola set', 2646, '', 111991),
(379, 'Tanga Premut set', 2644, '', 111992),
(380, 'Tanga Calina set', 2644, '', 111994),
(381, 'Tanga Valencja set', 2644, '', 111997),
(382, 'Tanga-string Ksara set', 2644, '', 112000),
(383, 'Tanga Safari Push up set', 2644, '', 112001),
(384, 'Tanga Safari Slim Push up set', 2644, '', 112002),
(385, 'Tanga-string Decor set', 2644, '', 112003),
(386, 'Tanga Vanille set', 2644, '', 112004),
(387, 'Tanga Butterfly set', 2644, '', 112005),
(388, 'Tanga Pinky 115 set', 2644, '', 112007),
(389, 'Tanga-string Manilla set', 2644, '', 112008),
(390, 'Tanga Fresya set', 2644, '', 112010),
(391, 'Tanga Violet set', 2644, '', 112011),
(392, 'Tanga-string Bacardi set', 2644, '', 112013),
(393, 'Tanga-string Star set', 2644, '', 112014),
(394, 'Tanga Kola set', 2644, '', 112015),
(395, 'Tanga Keira set', 2644, '', 112016),
(396, 'Tanga-string Cayenne set', 2644, '', 112017),
(397, 'Tanga Paulina set', 2644, '', 112018),
(398, 'Tanga Pati set', 2644, '', 112019),
(399, 'Tanga Paprasta set', 2644, '', 112021),
(400, 'Tanga Romantika set', 2644, '', 112023),
(401, 'Tanga Meilutė set', 2644, '', 112024),
(402, 'Tanga Pink set', 2644, '', 112025),
(403, 'Tanga Viola set', 2644, '', 112026),
(404, 'Tanga Fun set', 2644, '', 112027),
(405, 'Tanga Tigrė set', 2644, '', 112030),
(406, 'Marškinėliai Logo', 2649, '', 112035),
(407, 'Marškinėliai Queen', 2649, '', 112039),
(408, 'Marškinėliai Patogumas', 2649, '', 112042),
(409, 'Marškinėliai Intymumas', 2649, '', 112046),
(410, 'Marškinėliai Print+rib', 2649, '', 112048),
(411, 'Marškinėliai Fale', 2649, '', 112051),
(412, 'Pižama Instinktas gundyti', 2650, '', 112053),
(413, 'Pižama Pop Cherries', 2650, '', 112055),
(414, 'Pižama Bad Apple', 2650, '', 112056),
(415, 'Pižama Aye, Aye, Captain', 2650, '', 112059),
(416, 'Pižama Sweet', 2650, '', 112062),
(417, 'Pižama Sweet Stripes', 2650, '', 112063),
(418, 'Pižama Social Butterfly', 2650, '', 112064),
(419, 'Pižama Vintage Camo', 2650, '', 112065),
(420, 'Pižama Queen of Hearts', 2650, '', 112066),
(421, 'Pižama Im Crabby', 2650, '', 112067),
(422, 'Pižama Lucky Kit - Tea', 2650, '', 112068),
(423, 'Pižama Bad Applee', 2650, '', 112069),
(424, 'Pižama Hot  Bottoms Stripe Dress', 2650, '', 112071),
(425, 'Pižama Jepanese Gardens', 2650, '', 112073),
(426, 'Pižama Ayee, Aye Captain', 2650, '', 112075),
(427, 'Pižama Chill Out', 2650, '', 112078),
(428, 'Pižama Aye, Ayee Captain', 2650, '', 112079),
(429, 'Pižama Sailor Girl', 2650, '', 112081),
(430, 'Pižama Country Plaid - Grape', 2650, '', 112083),
(431, 'Pižama It is Owl About Me', 2650, '', 112086),
(432, 'Pižama It is Owl About Mee', 2650, '', 112088),
(433, 'Pižama Pirate Kitty', 2650, '', 112089),
(434, 'Naktinukai Perla', 2650, 'Šilkiniai naktinukai + chalatas.', 112092),
(435, 'Naktinukai Dangus', 2650, 'Šilkiniai naktinukai + chalatas.', 112093),
(436, 'Naktinukai Rosy', 2650, 'Šilkiniai naktinukai + chalatas.', 112094),
(437, 'Pižama Kačiukas', 2650, '', 112095),
(438, 'Pižama Debesėlis', 2650, '', 112096),
(439, 'Šortukai Sesy', 2640, '', 112098),
(440, 'Šortukai Alua', 2640, '', 112101),
(441, 'Šortukai Vega', 2640, '', 112103),
(442, 'Šortukai Kate', 2640, '', 112106),
(443, 'Šortukai Nela', 2640, '', 112107),
(444, 'Šortukai Coco', 2640, '', 112108),
(445, 'Šortukai Nana', 2640, '', 112109),
(446, 'Šortukai Taškeliai', 2640, '', 112110),
(447, 'Šortukai Sagutės', 2640, '', 112111),
(448, 'Šortukai Dryžiukas', 2640, '', 112112),
(449, 'Šortukai Jūreivėlė', 2640, '', 112114),
(450, 'Šortukai Sea 2 vnt.', 2640, '', 112116),
(451, 'Šortukai Linksmieji', 2640, '', 112119),
(452, 'Šortukai Braškytė', 2640, '', 112120),
(453, 'Šortukai Divina', 2640, '', 112121),
(454, 'Šortukai Kola 2vnt.', 2640, '', 112122),
(455, 'Šortukai Currara', 2640, '', 112123),
(456, 'Liekninančios kelnaitės Firm control Panty Girdle', 2641, '', 112124),
(457, 'Liekninančios kelnaitės Long Leg Thigh Slimmer', 2641, '', 112126),
(458, 'Liekninančios kelnaitės High Waist thigh Trimmer', 2641, '', 112128),
(459, 'String Tea', 2638, '', 112129),
(460, 'String Keria', 2638, '', 112131),
(461, 'String Katie', 2638, '', 112133),
(462, 'String Gaby B01', 2638, '', 112135),
(463, 'String Diamond', 2638, '', 112137),
(464, 'String Glow', 2638, '', 112138),
(465, 'String Šeri', 2638, '', 112139),
(466, 'String Lilith', 2638, '', 112140),
(467, 'String Gold', 2638, '', 112141),
(468, 'String Dolce Vita', 2638, '', 112142),
(469, 'String Quin', 2638, '', 112143),
(470, 'String Marabut', 2638, '', 112144),
(471, 'String Print+rib 2 vnt.', 2638, '', 112145),
(472, 'String Šachmatinė', 2638, '', 112147),
(473, 'String Sesy 2 vnt.', 2638, '', 112148),
(474, 'String Magnolia 188', 2638, '', 112149),
(475, 'String Sporty 103', 2638, '', 112151),
(476, 'String Vanille 128', 2638, '', 112152),
(477, 'String Pinky 115', 2638, '', 112154),
(478, 'String Intymumas 2 vnt.', 2638, '', 112155),
(479, 'String Dryžuoti 2 vnt.', 2638, '', 112157),
(480, 'String Samba', 2638, '', 112158),
(481, 'String Karioka', 2638, '', 112160),
(482, 'String Galiarda', 2638, '', 112161),
(483, 'String Managuena', 2638, '', 112165),
(484, 'String Foxi', 2638, '', 112166),
(485, 'String Tanga', 2638, '', 112167),
(486, 'String Setanta', 2638, '', 112168),
(487, 'String Swing', 2638, '', 112170),
(488, 'String Carimbo', 2638, '', 112171),
(489, 'String Tigrinė širdelė', 2638, '', 112175),
(490, 'String Sea wave 2 vnt.', 2638, '', 112177),
(491, 'String Širdelės 2 vnt.', 2638, '', 112178),
(492, 'String Logo 2 vnt.', 2638, '', 112179),
(493, 'String Gyvačiukė', 2638, '', 112180),
(494, 'String Raudonos lūpos', 2638, '', 112181),
(495, 'String Žaismas', 2638, '', 112183),
(496, 'String Rožinės lūpos', 2638, '', 112184),
(497, 'String Manilla', 2638, '', 112185),
(498, 'String Bacardi', 2638, '', 112186),
(499, 'String Fiordaliso', 2638, '', 112187),
(500, 'String Star', 2638, '', 112188),
(501, 'String Currara', 2638, '', 112189),
(502, 'String Calista', 2638, '', 112190),
(503, 'String Cayenne', 2638, '', 112191),
(504, 'String Tigrinė širdelė II', 2638, '', 112193),
(505, 'Tanga Print+rib 2 vnt.', 2639, '', 112200),
(506, 'Tanga Vanille', 2639, '', 112203),
(507, 'Tanga Camelia', 2639, '', 112205),
(508, 'Tanga Intymumas 2 vnt.', 2639, '', 112208),
(509, 'Tanga Leya', 2639, '', 112209),
(510, 'Tanga Marine', 2639, '', 112212),
(511, 'Tanga Gabe', 2639, '', 112213),
(512, 'Tanga Indy', 2639, '', 112214),
(513, 'Tanga Etna', 2639, '', 112216),
(514, 'Tanga Corecta', 2639, '', 112217),
(515, 'Tanga Maja', 2639, '', 112218),
(516, 'Tanga Keira', 2639, '', 112220),
(517, 'Tanga Elis', 2639, '', 112222),
(518, 'Tanga Lisa', 2639, '', 112223),
(519, 'Tanga Tiki', 2639, '', 112224),
(520, 'Tanga Tori', 2639, '', 112225),
(521, 'Tanga Tigriukė', 2639, '', 112227),
(522, 'Tanga Logo 2 vnt.', 2639, '', 112228),
(523, 'Tanga Raudonos lūpos', 2639, '', 112230),
(524, 'Tanga Tigriukė I', 2639, '', 112231),
(525, 'Tanga Rožinės lūpos', 2639, '', 112232),
(526, 'Tanga Tigrinė Širdelė', 2639, '', 112233),
(527, 'Tanga Širdutė', 2639, '', 112234),
(528, 'Tanga Dryžiukas', 2639, '', 112235),
(529, 'Tanga Manilla', 2639, '', 112236),
(530, 'Tanga Fresya', 2639, '', 112237),
(531, 'Tanga  Violet 2 vnt.', 2639, '', 112238),
(532, 'Tanga Premut', 2639, '', 112239),
(533, 'Tanga Bacardi', 2639, '', 112241),
(534, 'Tanga Star', 2639, '', 112242),
(535, 'Tanga Calina', 2639, '', 112243),
(536, 'Tanga Cayenne', 2639, '', 112244),
(537, 'Tanga Gini', 2639, '', 112245),
(538, 'Tanga Magnolia', 2639, '', 112246),
(539, 'Korsetas Moulen Rouge', 2652, '', 112248),
(540, 'Korsetas Naomi Gracija', 2652, '', 112249),
(541, 'Korsetas Butterfly', 2652, '', 112250);
INSERT INTO `product` (`id`, `name`, `cat_id`, `describe`, `pre_id`) VALUES
(542, 'Korsetas Sweatheart', 2652, '', 112251),
(543, 'Korsetas Violette', 2652, '', 112253),
(544, 'Korsetas Venecija', 2652, '', 112254),
(545, 'Korsetas Crystal', 2652, '', 112255),
(546, 'Korsetas Diva', 2652, '', 112256),
(547, 'Korsetas Glicine gracija', 2652, '', 112257),
(548, 'Korsetas U Shape', 2652, '', 112258),
(549, 'Korsetas Provokatorė', 2652, 'Korsetas Provokatorė pasiūtas iš atlasinės medžiagos.', 112261),
(550, 'Korsetas Karalienė', 2652, 'Korsetas karalienė pasiūtas iš atlasinės medžiagos.', 112262),
(551, 'Korsetas Aistruolė', 2652, 'Komlpektas Aistruolė pasiūtas iš atlasinės medžiagos.', 112263),
(552, 'Korsetas Baltuma', 2652, '', 112264),
(553, 'Korsetas Intrigantė', 2652, 'Korsetas Intrigantė pasiūta iš poliesterio.', 112265),
(554, 'Korsetas Šėlsmas', 2652, 'Korsetas Šėlsmas pagamintas iš poliesterio ir elastano.', 112267),
(555, 'Korsetas Paola', 2652, '', 112269),
(556, 'Liemenėlė Sportiška', 2636, '', 112271),
(557, 'Liemenėlė Isabelle', 2636, '', 112274),
(558, 'Liemenėlė Star', 2636, '', 112275),
(559, 'Liemenėlė Bacardi', 2636, '', 112277),
(560, 'Liemenėlė Rose Garden', 2636, '', 112278),
(561, 'Liemenėlė Florence', 2636, '', 112280),
(562, 'Liemenėlė Marine', 2636, '', 112281),
(563, 'Liemenėlė Joy', 2636, '', 112284),
(564, 'Liemenėlė Confetti', 2636, '', 112285),
(565, 'Liemenėlė Amber', 2636, '', 112286),
(566, 'Liemenėlė Valencia', 2636, '', 112287),
(567, 'Liemenėlė Oxana', 2636, '', 112289),
(568, 'Liemenėlė Grace', 2636, '', 112292),
(569, 'Liemenėlė Anabelle', 2636, '', 112294),
(570, 'Liemenėlė Ester C', 2636, '', 112295),
(571, 'Liemenėlė Kitty', 2636, '', 112296),
(572, 'Liemenėlė Sporty 103', 2636, '', 112297),
(573, 'Liemenėlė Divina', 2636, '', 112298),
(574, 'Liemenėlė Calina', 2636, '', 112299),
(575, 'Liemenėlė Keria', 2636, '', 112300),
(576, 'Liemenėlė Valencja', 2636, '', 112301),
(577, 'Liemenėlė Katie', 2636, '', 112302),
(578, 'Liemenėlė Cayenne', 2636, '', 112304),
(579, 'Liemenėlė Ksara', 2636, '', 112305),
(580, 'Liemenėlė Currara', 2636, '', 112307),
(581, 'Liemenėlė Gabi B01', 2636, '', 112309),
(582, 'Liemenėlė Aurore', 2636, '', 112310),
(583, 'Liemenėlė Safari Push up', 2636, '', 112311),
(584, 'Liemenėlė Safari 100', 2636, '', 112313),
(585, 'Liemenėlė Safari Tulle push up', 2636, '', 112314),
(586, 'Liemenėlė Safari Slim push up', 2636, '', 112315),
(587, 'Liemenėlė Glow', 2636, '', 112316),
(588, 'Liemenėlė Lucie', 2636, '', 112317),
(589, 'Liemenėlė Poesie', 2636, '', 112318),
(590, 'Liemenėlė G 61', 2636, '', 112319),
(591, 'Liemenėlė Šeri', 2636, '', 112320),
(592, 'Liemenėlė Delice', 2636, '', 112321),
(593, 'Liemenėlė Gold', 2636, '', 112322),
(594, 'Liemenėlė Dolce Vita', 2636, '', 112323),
(595, 'Liemenėlė Quin', 2636, '', 112324),
(596, 'Liemenėlė Decor II', 2636, '', 112325),
(597, 'Liemenėlė Magnolia 188', 2636, '', 112327),
(598, 'Liemenėlė Vanille 128', 2636, '', 112328),
(599, 'Liemenėlė Iris', 2636, '', 112329),
(600, 'Liemenėlė Keira 365', 2636, '', 112331),
(601, 'Liemenėlė Manilla', 2636, '', 112332),
(602, 'Liemenėlė Cayennee', 2636, '', 112333),
(603, 'Liemenėlė Fresco 523', 2636, '', 112334),
(604, 'Liemenėlė Paslaptinga', 2636, '', 112335),
(605, 'Liemenėlė Kate', 2636, '', 112336),
(606, 'Liemenėlė La Tigre', 2636, '', 112337),
(607, 'Liemenėlė La Perle', 2636, '', 112339),
(608, 'Liemenėlė Vulcano', 2636, '', 112340),
(609, 'Liemenėlė Toffino', 2636, '', 112341),
(610, 'Liemenėlė Silver Rose', 2636, '', 112342),
(611, 'Liemenėlė Premut', 2636, '', 112344),
(612, 'Liemenėlė Sogno', 2636, '', 112345),
(613, 'Liemenėlė Flowers', 2636, '', 112346),
(614, 'Liemenėlė Diamond', 2636, '', 112347),
(615, 'Liemenėlė Suzanne', 2636, '', 112348),
(616, 'Liemenėlė Safari Frivo', 2636, '', 112349),
(617, 'Liemenėlė Optimistė', 2636, '', 112351),
(618, 'Liemenėlė Lilith', 2636, '', 112352),
(619, 'Liemenėlė Marabut', 2636, '', 112353),
(620, 'Liemenėlė Fresya', 2636, '', 112354),
(621, 'Liemenėlė T-Shirt Bra', 2636, '', 112355),
(622, 'Liemenėlė Seduzione Top', 2636, '', 112356),
(623, 'Liemenėlė Dryžuota', 2636, '', 112357),
(624, 'Liemenėlė Kristi', 2636, '', 112358),
(625, 'Liemenėlė Paris', 2636, '', 112359),
(626, 'Liemenėlė Sesy', 2636, '', 112361),
(627, 'Liemenėlė Sea Wave', 2636, '', 112362),
(628, 'Liemenėlė Kola', 2636, '', 112363),
(629, 'Liemenėlė Samantha', 2636, '', 112364),
(630, 'Liemenėlė Safari Stiffen', 2636, '', 112365),
(631, 'Liemenėlė GB-231', 2636, '', 112366),
(632, 'Liemenėlė Ines', 2636, '', 112367),
(633, 'Liemenėlė Print - Rib', 2636, '', 112368),
(634, 'Liemenėlė Šachmatinė', 2636, '', 112369),
(635, 'Liemenėlė Noemie', 2636, '', 112370),
(636, 'Liemenėlė Violet', 2636, '', 112371),
(637, 'Skalbimo maišelis', 2636, '', 112372),
(638, 'Naktinukai Princess', 2651, '', 112373),
(639, 'Naktinukai Safari', 2651, '', 112374),
(640, 'Naktinukai Natalie raudona', 2651, '', 112375),
(641, 'Naktinukai Natalie juoda', 2651, '', 112376),
(642, 'Naktinukai Goldie', 2651, '', 112378),
(643, 'Naktinukai Natalie balta', 2651, '', 112379),
(644, 'Naktinukai Clipso black', 2651, '', 112381),
(645, 'Naktinukai Clipso white', 2651, '', 112382),
(646, 'Naktinukai Purple', 2651, '', 112383),
(647, 'Naktinukai Charming', 2651, '', 112384),
(648, 'Naktinukai Amelia', 2651, '', 112386),
(649, 'Naktinukai Eau Lazur', 2651, '', 112387),
(650, 'Naktinukai Venetian', 2651, '', 112388),
(651, 'Naktinukai Sweet Paula', 2651, '', 112389),
(652, 'Naktinukai Jessica', 2651, '', 112391),
(653, 'Naktinukai Aistra', 2651, '', 112392),
(654, 'Naktinukai Nekaltoji', 2651, '', 112393),
(655, 'Naktinukai Geismas', 2651, '', 112394),
(656, 'Naktinukai Širdelė', 2651, '', 112395),
(657, 'Naktinukai Fantazija', 2651, '', 112396),
(658, 'Naktinukai Taškelis', 2651, 'Naktinukai Taškelis pasiūti iš šilko.', 112397),
(659, 'Naktinukai Pagunda', 2651, '', 112398),
(660, 'Naktinukai Rožė', 2651, '', 112399),
(661, 'Naktinukai Žaismas', 2651, '', 112400),
(662, 'Naktinukai Geismas I', 2651, '', 112401),
(663, 'Naktinukai Žavesys', 2651, '', 112403),
(664, 'Naktinukai Žvyneliai', 2651, '', 112404),
(665, 'Naktinukai Sexodromė', 2651, '', 112405),
(666, 'Naktinukai Bangelės', 2651, '', 112406),
(667, 'Naktinukai Snieguolė', 2651, '', 112407),
(668, 'Naktinukai Romantika', 2651, '', 112408),
(669, 'Naktinukai Geležinė ledi', 2651, '', 112409),
(670, 'Naktinukai Be žodžių', 2651, '', 112410),
(671, 'Naktinukai Juodoji magija', 2651, '', 112411),
(672, 'Naktinukai Seksuali suknelė', 2651, '', 112412),
(673, 'Naktinukai Žydrasis dangus', 2651, '', 112413),
(674, 'Naktinukai Rožinis dangus', 2651, '', 112414),
(675, 'Naktinukai Žavuolė', 2651, '', 112415),
(676, 'Naktinukai Ledinė ledi', 2651, '', 112416),
(677, 'Naktinukai Meilutė', 2651, '', 112417),
(678, 'Naktinukai Electric Lady', 2651, '', 112418),
(679, 'Naktinukai Siuzi', 2651, '', 112419),
(680, 'Naktinukai Žavumas', 2651, '', 112420),
(681, 'Naktinukai Kerėtoja', 2651, '', 112421),
(682, 'Naktinukai Capri', 2651, '', 112422),
(683, 'Naktinukai Lorri', 2651, '', 112423),
(684, 'Naktinukai Aistringoji Rida', 2651, '', 112424),
(685, 'Naktinukai Divina Top', 2651, '', 112425),
(686, 'Naktinukai Alice', 2651, '', 112426),
(687, 'Naktinukai Joan', 2651, '', 112428),
(688, 'Naktinukai Sheila', 2651, '', 112429),
(689, 'Naktinukai Lisa', 2651, '', 112430),
(690, 'Naktinukai Saldžioji', 2651, '', 112432),
(691, 'Naktinukai Leo', 2651, '', 112433),
(692, 'Naktinukai Tigrė', 2651, '', 112434),
(693, 'Naktinukai Ieva', 2651, '', 112435),
(694, 'Naktinukai Palydovė', 2651, '', 112436),
(695, 'Naktinukai Ina', 2651, '', 112437),
(696, 'Naktinukai Atvirumas', 2651, '', 112439),
(697, 'Naktinukai Laura', 2651, '', 112440),
(698, 'Naktinukai Rima', 2651, '', 112442),
(699, 'Naktinukai Meri', 2651, '', 112443),
(700, 'Naktinukai Perla', 2651, '', 112444),
(701, 'Naktinukai Dangus', 2651, '', 112445),
(702, 'Naktinukai Rosy', 2651, '', 112446),
(703, 'Liemenėlė LBR-574 ruda', 2636, 'Elegantiška, šviesiai rudos spalvos " Push-up" tipo liemenėlė. ', 115616),
(704, 'Liemenėlė LBR-678', 2636, '', 115617),
(705, 'Liemenėlė LBR-724 raudona', 2636, '', 115618),
(706, 'Liemenėlė LBR-683', 2636, '', 115619),
(707, 'Liemenėlė LBR-592 juoda su auksiniu', 2636, '', 115620),
(708, 'String LP-1342 ruda', 2638, '', 115621),
(709, 'Tanga LP-1343 ruda', 2639, '', 115622),
(710, 'String LP-1342 juoda', 2638, '', 115623),
(711, 'Tanga LP-1343 juoda', 2639, '', 115624),
(712, 'Tanga LP-1529', 2639, '', 115625),
(713, 'String LP-1530', 2638, '', 115626),
(714, 'Tanga LP-1671 raudonos', 2639, '', 115627),
(715, 'String LP-1557', 2638, '', 115628),
(716, 'String LP-1376', 2638, '', 115631),
(717, 'Tanga LP-1375', 2639, '', 115632),
(718, 'Tanga LP-1493', 2639, '', 115633),
(719, 'Tanga LP-1492', 2639, '', 115634),
(720, 'Pižama Penelope', 2650, '', 115635),
(721, 'Pižama Viviette', 2650, '', 115636),
(722, 'Naktinukai Fleur', 2651, '', 115665),
(723, 'Naktinukai Anette', 2651, '', 115671),
(724, 'Naktinukai Ophelia', 2651, '', 115685),
(725, 'Naktinukai Caroline', 2651, '', 115687),
(726, 'Naktiniai Lucrece', 2651, '', 115688),
(727, 'Naktiniai Mirabelle', 2651, '', 115689),
(728, 'Naktiniai NLD-159', 2651, '', 115690),
(729, 'Chalatas SZL-041 kreminis', 2536, '', 115691),
(730, 'Chalatas SZL-038', 2536, '', 115692),
(731, 'Chalatas Lucrece', 2536, '', 115693),
(732, 'Kelnaitės MH-512 pilka', 2728, '', 115713),
(733, 'Kelnaitės MH-508', 2728, '', 115715),
(734, 'Kelnaitės MH-521', 2728, '', 115720),
(735, 'Kelnaitės MH-461 balta', 2728, '', 115723),
(736, 'Liemenėlė LBR-638 amarato sp.', 2636, '', 115724),
(737, 'Liemenėlė LBR-638 juoda', 2636, '', 115727),
(738, 'Liemenėlė LBR-638 šviesi', 2636, '', 115729),
(739, 'Liemenėlė LBR-629 violetinė', 2636, '', 115731),
(740, 'Liemenėlė LBR-556', 2636, '', 115732),
(741, 'Liemenėlė LBR-652', 2636, '', 115734),
(742, 'String LP-1470 amarato sp.', 2638, '', 115739),
(743, 'String LP-1470 juodos', 2638, '', 115740),
(744, 'String LP-1470 šviesios sp.', 2638, '', 115741),
(745, 'Tanga LP-1455 violetinės', 2639, '', 115742),
(746, 'Tanga LP-1324', 2639, '', 115744),
(747, 'Naktiniai Elvire', 2651, '', 115747),
(748, 'Naktiniai Solange', 2651, '', 115764),
(749, 'Kelnaitės LP-1561', 2639, '', 117767),
(750, 'Kelnaitės MH-544', 2728, '', 117770),
(751, 'Kelnaitės MH-534', 2728, '', 117776),
(752, 'Naktinukai Vanessa', 2651, '', 118239),
(753, 'Naktinukai Avril', 2651, '', 118246),
(754, 'Liemenėlė LBR-574 juoda', 2636, 'Elegantiška, juodos spalvos " Push-up" tipo liemenėlė. ', 121640),
(755, 'Liemenėlė BBR-053 ruda', 2636, '', 121645),
(756, 'Liemenėlė BBR-053 balta', 2636, '', 121646),
(757, 'Liemenėlė BBR-050 balta', 2636, '', 121647),
(758, 'Liemenėlė BBR-051 balta', 2636, '', 121648),
(759, 'Liemenėlė LBR-663 mėlyna', 2636, '', 121649),
(760, 'Liemenėlė LBR-709 juoda', 2636, '', 121652),
(761, 'Liemenėlė LBR-709 rožinė', 2636, '', 121654),
(762, 'Liemenėlė LBR-631 pilka', 2636, '', 121655),
(763, 'Liemenėlė LBR-654 pilka', 2636, '', 121656),
(764, 'Liemenėlė LBR-670 rožinė', 2636, '', 121657),
(765, 'Liemenėlė LBR-653 balta', 2636, '', 121658),
(766, 'Liemenėlė LBR-699 balta', 2636, '', 121659),
(767, 'Liemenėlė LBR-731', 2636, '', 121660),
(768, 'Kelnaitės LP-1599 juodos', 2639, '', 121661),
(769, 'Kelnaitės LP-1599 rožinės', 2639, '', 121664),
(770, 'Šortukai LP-1497', 2640, '', 121665),
(771, 'Kelnaitės LP-1643', 2639, '', 121666),
(772, 'Kelnaitės LP-1677', 2639, '', 121667),
(773, 'Kelnaitės LP-1705', 2639, '', 121668),
(774, 'Kelnaitės LP-1651', 2639, '', 121669),
(775, 'Kelnaitės LP-1520', 2639, '', 121670),
(776, 'Kelnaitės LP-1463', 2639, '', 121671),
(777, 'String LP-1585', 2638, '', 121672),
(778, 'Kelnaitės LP-1494', 2639, '', 121673),
(779, 'String 3LP-069', 2638, 'Stringų modelio kelnaičių rinkinys, kurį sudaro pakuotė iš 3vnt. ', 121677),
(780, 'Kelnaitės LP-1724', 2639, '', 121679),
(781, 'Kelnaitės LP-1725', 2639, '', 121680),
(783, 'Kelnaitės LP-1603', 2639, '', 121682),
(785, 'Pižama NLP-270', 2650, '', 121687),
(786, 'Kelnaitės MH-520', 2728, '', 121690),
(787, 'Kelnaitės MP-913', 2728, '', 121696),
(788, 'Kelnaitės MP-932', 2728, '', 121697),
(790, 'Kelnaitės MH-496', 2728, '', 121699),
(791, 'Kelnaitės LP-1584', 2639, '', 122842),
(792, 'Kelnaitės LP-1464', 2639, '', 122845),
(793, 'Kelnaitės LP-1650', 2639, '', 122846),
(795, 'Kelnaičių rinkinys 3LP -048', 2639, '', 122851),
(796, 'Kelnaitės BLP-579', 2639, '', 122858),
(797, 'Kelnaitės  BLP-582', 2639, '', 122860),
(798, 'Kelnaitės BLP-583', 2639, '', 122861),
(799, 'Liemenėlė LBR-722', 2636, '', 124708),
(801, 'Kelnaitės LP-1626', 2639, '', 124711),
(802, 'Kelnaitės MH-584', 2728, '', 124981),
(803, 'Kelnaitės MH-513', 2728, '', 124984),
(805, 'Kelnaitės MBX-364', 2728, '', 124990),
(806, 'Kelnaitės MBX-375', 2728, '', 124991),
(807, 'Kelnaitės BMB-003', 2728, '', 124993),
(808, 'Kelnaitės MH-414', 2728, '', 124999),
(809, 'Kelnaitės MP-739', 2728, '', 125004),
(810, 'Kelnaitės MP-750', 2728, '', 125006),
(811, 'Kelnaitės MP-736', 2728, '', 125007),
(812, 'Naktiniai NLD-157', 2651, '', 121685),
(813, 'Kelnaitės MP-519', 2728, '', 121698),
(814, 'Kelnaitės LP-1625', 2639, '', 124709),
(815, 'Kelnaitės MP-752', 2728, '', 124989),
(816, 'Kelnaičių rinkinys 3LP-044', 2639, '', 122848),
(817, 'Kelnaitės LP-1726', 2639, '', 121681);

-- --------------------------------------------------------

--
-- Table structure for table `record`
--

CREATE TABLE IF NOT EXISTS `record` (
  `id` int(11) NOT NULL AUTO_INCREMENT,
  `name` varchar(255) COLLATE utf8_lithuanian_ci NOT NULL,
  `link` text COLLATE utf8_lithuanian_ci,
  `content` text COLLATE utf8_lithuanian_ci,
  `product_id` int(11) NOT NULL,
  `user_id` int(11) NOT NULL,
  PRIMARY KEY (`id`)
) ENGINE=InnoDB  DEFAULT CHARSET=utf8 COLLATE=utf8_lithuanian_ci AUTO_INCREMENT=87 ;

--
-- Dumping data for table `record`
--

INSERT INTO `record` (`id`, `name`, `link`, `content`, `product_id`, `user_id`) VALUES
(2, 'spintele k32', 'www.spintele.lt', '<h1>\n turinys yra mano geriausias draugas kai reikia parasyti 100 zenklu, bet sito teksto vis tiek neuzteko</h1>\n', 4, 1),
(3, 'traukinukas', 'www.traukinukas.lt', '<p>\n vagonas tekstas iki 100 zenklu&nbsp;tekstas iki 100 zenklu&nbsp;tekstas iki 100 zenklu&nbsp;tekstas iki 100 zenklu&nbsp;tekstas iki 100 zenklu</p>\n', 2, 1),
(4, 'megstinis 1.1', 'megstinis.lt', '<p>\n grazus megstinukas&nbsp;grazus megstinukas&nbsp;grazus megstinukas&nbsp;grazus megstinukas&nbsp;grazus megstinukas&nbsp;grazus megstinukas&nbsp;grazus megstinukas&nbsp;grazus megstinukas&nbsp;grazus megstinukas&nbsp;grazus megstinukas&nbsp;grazus megstinukas&nbsp;grazus megstinukas&nbsp;grazus megstinukas&nbsp;grazus megstinukas&nbsp;grazus megstinukas&nbsp;grazus megstinukas&nbsp;grazus megstinukas&nbsp;grazus megstinukas&nbsp;grazus megstinukas&nbsp;</p>\n<p>\n dar papildau siek tiek</p>\n<p>\n dar</p>\n', 4, 10),
(6, 'ponas', '', '<p>\n <u>su skrybele</u></p>\n<p>\n Cccccccccccccc.</p>\n<p>\n asdas. s dfsldfj lskdjfl sjdflkj sldkfj laskdjfkl sf /sd glakdgsj lskdjg lsjdl kj sdf. asdf kjahsfkj ahsfkh skfjh . afk ajslfj alskfj laks&nbsp;</p>\n', 3, 1),
(7, 'bulve', '', '<p>\n bulve</p>\n', 1, 1),
(8, 'Bandymas', 'it.su.lt', '<p>\n tekstas</p>\n<p>\n tekstas</p>\n<p>\n tekstas</p>\n<p>\n &nbsp;</p>\n<p>\n tekstas</p>\n<p>\n tekstas</p>\n<p>\n tekstas</p>\n<p>\n tekstas</p>\n<p>\n tekstas</p>\n<p>\n tekstas</p>\n<p>\n tekstas</p>\n<p>\n tekstas</p>\n<p>\n tekstas</p>\n<p>\n tekstas</p>\n<p>\n tekstas</p>\n<p>\n tekstas</p>\n<p>\n tekstas</p>\n<p>\n tekstas</p>\n<p>\n tekstas</p>\n<p>\n tekstas</p>\n<p>\n tekstas</p>\n<p>\n tekstas</p>\n<p>\n tekstas</p>\n<p>\n tekstas</p>\n<p>\n tekstas</p>\n<p>\n tekstas</p>\n<p>\n tekstas</p>\n<p>\n tekstastekstas</p>\n<p>\n tekstas</p>\n<p>\n tekstas</p>\n<p>\n tekstas</p>\n<p>\n tekstas</p>\n<p>\n tekstastekstas</p>\n<p>\n tekstas</p>\n<p>\n tekstas</p>\n<p>\n tekstas</p>\n<p>\n tekstas</p>\n<p>\n tekstas</p>\n<p>\n tekstas</p>\n<p>\n tekstas</p>\n<p>\n tekstas</p>\n<p>\n tekstas</p>\n<p>\n tekstas</p>\n<p>\n tekstas</p>\n<p>\n tekstas</p>\n<p>\n tekstas</p>\n<p>\n tekstas</p>\n<p>\n tekstas</p>\n<p>\n tekstas</p>\n<p>\n tekstas</p>\n<p>\n tekstas</p>\n<p>\n tekstas</p>\n<p>\n tekstastekstas</p>\n<p>\n tekstas</p>\n<p>\n tekstas</p>\n<p>\n tekstas</p>\n<p>\n tekstas</p>\n<p>\n tekstas</p>\n<p>\n tekstas</p>\n<p>\n tekstas</p>\n<p>\n tekstas</p>\n<p>\n tekstas</p>\n<p>\n tekstas</p>\n<p>\n tekstas</p>\n', 4, 1),
(9, 'ananasas', '', '<p>\n zalias&nbsp;zalias&nbsp;zalias&nbsp;zalias&nbsp;zalias&nbsp;zalias&nbsp;zalias&nbsp;zalias&nbsp;zalias&nbsp;zalias&nbsp;zalias&nbsp;zalias&nbsp;zalias&nbsp;zalias&nbsp;zalias&nbsp;zalias&nbsp;zalias&nbsp;zalias&nbsp;zalias&nbsp;zalias&nbsp;zalias&nbsp;zalias.</p>\n<p>\n Aaaaaaaaaaa. asdas. s sfd sf s pppppppppppppppppppppppppppppppppppppp</p>\n', 2, 1),
(10, 'tagai', 'linkas', '<h1>\n h1</h1>\n<h2>\n h2</h2>\n<h3>\n h3</h3>\n<p>\n asjkf lajsf; ajks;fk al;sfk l;askfl; aksfl;k asfl;kl; askf l;askf l;ak sfl;ka sl;fk al;sfk ;alskfl;a sk fl;a ks f;ak sfjkha skfjh ajksfhjk ashf jkahs fjkha sjkfha jksfh jkashfjk ahsf jk ahs fkjh asfkjh aksfh akjsfh kajshfjka shf kj ahsfjkah sjkfhakjsfh jkash</p>\n', 4, 1),
(11, 'svetaines staliukas', '', '<p>\n	rudos spalvos</p>\n', 4, 10),
(12, 'bandymas', 'bandymas.it', '<p>\n bandymo tekstas&nbsp;bandymo tekstas&nbsp;bandymo tekstas&nbsp;bandymo tekstas&nbsp;bandymo tekstas&nbsp;bandymo tekstas&nbsp;bandymo tekstas&nbsp;bandymo tekstas&nbsp;bandymo tekstas&nbsp;bandymo tekstas&nbsp;bandymo tekstas&nbsp;bandymo tekstas&nbsp;bandymo tekstas&nbsp;bandymo tekstas&nbsp;bandymo tekstas&nbsp;bandymo tekstas&nbsp;bandymo tekstas&nbsp;bandymo tekstas&nbsp;bandymo tekstas&nbsp;bandymo tekstas&nbsp;bandymo tekstas&nbsp;bandymo tekstas&nbsp;bandymo tekstas&nbsp;bandymo tekstas&nbsp;bandymo tekstas&nbsp;bandymo tekstas&nbsp;bandymo tekstas&nbsp;bandymo tekstas&nbsp;bandymo tekstas&nbsp;bandymo tekstas&nbsp;bandymo tekstas&nbsp;bandymo tekstas&nbsp;</p>\n', 2, 10),
(18, 'skrybele', '', '<p>\n skrybele&nbsp;skrybele&nbsp;skrybele&nbsp;skrybele&nbsp;skrybele&nbsp;skrybele&nbsp;skrybele&nbsp;skrybele&nbsp;skrybele&nbsp;skrybele&nbsp;skrybele&nbsp;skrybele&nbsp;skrybele&nbsp;skrybele&nbsp;skrybele&nbsp;skrybele&nbsp;skrybele&nbsp;skrybele&nbsp;skrybele&nbsp;skrybele&nbsp;skrybele&nbsp;skrybele&nbsp;skrybele&nbsp;skrybele&nbsp;skrybele&nbsp;skrybele&nbsp;skrybele&nbsp;skrybele&nbsp;skrybele&nbsp;skrybele&nbsp;skrybele&nbsp;skrybele&nbsp;skrybele&nbsp;skrybele&nbsp;skrybele&nbsp;skrybele&nbsp;skrybele&nbsp;skrybele&nbsp;skrybele&nbsp;skrybele&nbsp;skrybele&nbsp;skrybele&nbsp;skrybele&nbsp;skrybele&nbsp;skrybele&nbsp;skrybele&nbsp;skrybele&nbsp;skrybele&nbsp;</p>\n', 2, 10),
(19, 'kepuraite 22', 'kepuraite 22', '<p>\n kepuraite 22kepuraite 22kepuraite 22kepuraite 22kepuraite 22kepuraite 22?</p>\n<p>\n Akepuraite 22kepuraite 22kepuraite 22kepuraite 22kepuraite 22kepuraite 22kepuraite 22kepuraite.&nbsp;<br />\n B22kepuraite 22kepuraite 22kepuraite 22kepuraite 22kepuraite 22kepuraite. 22kepuraite 22kepuraite 22kepuraite 22kepuraite; 22kepuraite 22kepuraite 22.</p>\n<p>\n pirmas sakinys.</p>\n', 2, 10),
(40, 'bandymukas', '', '<p>\n bandymukasbandymukasbandymukasbandymukasbandymukasbandymukasbandymukasbandymukasbandymukasbandymukasbandymukasbandymukas</p>\n', 2, 10),
(41, 'bandymas 12-08d antras', 'nera', '<p>\n tekstas&nbsp;tekstas&nbsp;tekstas&nbsp;tekstas&nbsp;tekstas&nbsp;tekstas&nbsp;tekstas&nbsp;tekstas&nbsp;tekstas&nbsp;tekstas&nbsp;tekstas&nbsp;tekstas&nbsp;tekstas&nbsp;tekstas&nbsp;tekstas&nbsp;tekstas&nbsp;tekstas&nbsp;tekstas&nbsp;tekstas&nbsp;tekstas&nbsp;tekstas&nbsp;tekstas&nbsp;tekstas&nbsp;tekstas&nbsp;tekstas&nbsp;tekstas&nbsp;tekstas&nbsp;tekstas&nbsp;tekstas&nbsp;tekstas&nbsp;tekstas&nbsp;tekstas&nbsp;tekstas&nbsp;tekstas&nbsp;tekstas&nbsp;tekstas&nbsp;tekstas&nbsp;tekstas&nbsp;tekstas&nbsp;tekstas&nbsp;tekstas&nbsp;tekstas&nbsp;tekstas&nbsp;tekstas&nbsp;tekstas&nbsp;tekstas&nbsp;tekstas&nbsp;tekstas&nbsp;tekstas&nbsp;tekstas&nbsp;tekstas&nbsp;tekstas&nbsp;</p>\n', 4, 10),
(42, 'megstinis 1.1', 'megstinis.lt', '<p>\n grazus megstinukas&nbsp;grazus megstinukas&nbsp;grazus megstinukas&nbsp;grazus megstinukas&nbsp;grazus megstinukas&nbsp;grazus megstinukas&nbsp;grazus megstinukas&nbsp;grazus megstinukas&nbsp;grazus megstinukas&nbsp;grazus megstinukas&nbsp;grazus megstinukas&nbsp;grazus megstinukas&nbsp;grazus megstinukas&nbsp;grazus megstinukas&nbsp;grazus megstinukas&nbsp;grazus megstinukas&nbsp;grazus megstinukas&nbsp;grazus megstinukas&nbsp;grazus megstinukas&nbsp;</p>\n<p>\n dar papildau siek tiek</p>\n', 4, 1),
(43, 'bandymas 12-09d', 'nera', '<p>\n tekstas&nbsp;tekstas&nbsp;tekstas&nbsp;tekstas&nbsp;tekstas&nbsp;tekstas&nbsp;tekstas&nbsp;tekstas&nbsp;tekstas&nbsp;tekstas&nbsp;tekstas&nbsp;tekstas&nbsp;tekstas&nbsp;tekstas&nbsp;tekstas&nbsp;tekstas&nbsp;tekstas&nbsp;tekstas&nbsp;tekstas&nbsp;tekstas&nbsp;tekstas&nbsp;tekstas&nbsp;tekstas&nbsp;tekstas&nbsp;tekstas&nbsp;tekstas&nbsp;tekstas&nbsp;tekstas&nbsp;tekstas&nbsp;tekstas&nbsp;tekstas&nbsp;tekstas&nbsp;tekstas&nbsp;tekstas&nbsp;tekstas&nbsp;tekstas&nbsp;tekstas&nbsp;tekstas&nbsp;tekstas&nbsp;tekstas&nbsp;tekstas&nbsp;tekstas&nbsp;tekstas&nbsp;tekstas&nbsp;tekstas&nbsp;tekstas&nbsp;tekstas&nbsp;tekstas&nbsp;tekstas&nbsp;tekstas&nbsp;tekstas&nbsp;tekstas&nbsp;</p>\n', 4, 10),
(44, 'asd', '', 'sdgffsdg', 2, 1),
(45, 'asd', '', 'sdgffsdg', 2, 1),
(46, 'aaaaa', '', 'ddddddd', 4, 1),
(47, 'jis', '', 'jis', 2, 1),
(48, 'megstinis', 'http://rude.su.lt/~silkus/send_record_2.php', 'aa', 1, 1),
(54, 'kompiuteris', 'http://rude.su.lt/~silkus/send_record_2.php', 'kompiuteris', 1, 1),
(55, 'aaaaaaaaaaa', 'http://rude.su.lt/~silkus/send_record_2.php', '', 0, 1),
(56, 'ffffffffff', 'http://rude.su.lt/~silkus/send_record_2.php', 'dddddddddddddddddkkkkkkkkkkkkkkkkkkkkkkkkkkkkkkkkkkkkkkkkkkkkkkkkkkkkkkkkkkkkkkkkkkkkkkkkkkkkkkkkkkkk', 0, 1),
(57, 'naujas', '', '<p>\n pirmas sakinys.</p>\n<p>\n antras sakinys.</p>\n<p>\n trecias kalusimas? ir dar siek tiek teksto;</p>\n', 2, 1),
(58, 'A', '', '<p>\n Aaaaaaaaaaa. Bbbbbbbbbbbbb. Cccccccccccccc. Dddddddddddd. Eeeeeeeeeeeee.</p>\n<p>\n Cccccccccccccc.&nbsp;pirmas sakinys.</p>\n<p>\n Ffffffffffffffffff? Ggggggggggggggggggggggggg;</p>\n<p>\n Hhhhhhhhhhhhhhhhhhhhhhhhhhhhhhhhhhhhhhhhhhhhhhhhhhhhhhh</p>\n', 1, 1),
(59, 'B', '', '<p>\n Aaaaaaaaaaa. Bbbbbbbbbbbbb. Cccccccccccccc. Dddddddddddd.</p>\n<p>\n Eeeeeeeeeeeee.&nbsp;Ffffffffffffffffff? Ggggggggggggggggggggggggg;&nbsp;</p>\n<p>\n Hhhhhhhhhhhhhhhhhhhhhhhhhhhhhhhhhhhhhhhhhhhhhhhhhhhhhhh</p>\n', 1, 1),
(60, 't', 's', '<p>\n tekstas tekstas tekstas tekstas tekstas tekstas tekstas tekstas tekstas tekstas tekstas tekstas tekstas tekstas tekstas tekstas tekstas tekstas</p>\n<p>\n tekstas tekstas tekstas</p>\n<p>\n tekstas tekstas tekstas</p>\n', 2, 10),
(61, 'parsiukas', '', '<p>\n &lt;?php echo &quot;t&quot;;?&gt;&lt;?php echo &quot;t&quot;;?&gt;&lt;?php echo &quot;t&quot;;?&gt;&lt;?php echo &quot;t&quot;;?&gt;&lt;?php echo &quot;t&quot;;?&gt;&lt;?php echo &quot;t&quot;;?&gt;&lt;?php echo &quot;t&quot;;?&gt;&lt;?php echo &quot;t&quot;;?&gt;&lt;?php echo &quot;t&quot;;?&gt;&lt;?php echo &quot;t&quot;;?&gt;&lt;?php echo &quot;t&quot;;?&gt;&lt;?php echo &quot;t&quot;;?&gt;&lt;?php echo &quot;t&quot;;?&gt;&lt;?php echo &quot;t&quot;;?&gt;&lt;?php echo &quot;t&quot;;?&gt;&lt;?php echo &quot;t&quot;;?&gt;&lt;?php echo &quot;t&quot;;?&gt;&lt;?php echo &quot;t&quot;;?&gt;&lt;?php echo &quot;t&quot;;?&gt;&lt;?php echo &quot;t&quot;;?&gt;&lt;?php echo &quot;t&quot;;?&gt;&lt;?php echo &quot;t&quot;;?&gt;&lt;?php echo &quot;t&quot;;?&gt;&lt;?php echo &quot;t&quot;;?&gt;&lt;?php echo &quot;t&quot;;?&gt;&lt;?php echo &quot;t&quot;;?&gt;&lt;?php echo &quot;t&quot;;?&gt;&lt;?php echo &quot;t&quot;;?&gt;</p>\n', 2, 1),
(62, 'B', '', '<p>\n Aaaaaaaaaaa. Bbbbbbbbbbbbb. Cccccccccccccc. Dddddddddddd.</p>\n<p>\n Eeeeeeeeeeeee.&nbsp;Ffffffffffffffffff? Ggggggggggggggggggggggggg;&nbsp;</p>\n<p>\n Hhhhhhhhhhhhhhhhhhhhhhhhhhhhhhhhhhhhhhhhhhhhhhhhhhhhhhh</p>\n', 1, 1),
(63, 'a', '', '<p>\n ooooooooooooooooooooooooooooooooooooooooooooooooooooooooooooooooooooooooooooooooooooooooooooooooooooooooooooooooooooooooooooooooooooooooooooooooooooooooo</p>\n', 4, 26),
(64, 'ananasas', '', '<p>\n zalias&nbsp;zalias&nbsp;zalias&nbsp;zalias&nbsp;zalias&nbsp;zalias&nbsp;zalias&nbsp;zalias&nbsp;zalias&nbsp;zalias&nbsp;zalias&nbsp;zalias&nbsp;zalias&nbsp;zalias&nbsp;zalias&nbsp;zalias&nbsp;zalias&nbsp;zalias&nbsp;zalias&nbsp;zalias&nbsp;zalias&nbsp;zalias.</p>\n<p>\n Aaaaaaaaaaa. asdas. s sfd sf s&nbsp;</p>\n', 2, 1),
(65, 'ananasas', '', '<p>\n &nbsp;</p>\n<p>\n zalias&nbsp;zalias&nbsp;zalias&nbsp;zalias&nbsp;zalias&nbsp;zalias&nbsp;zalias&nbsp;zalias&nbsp;zalias&nbsp;zalias&nbsp;zalias&nbsp;zalias&nbsp;zalias&nbsp;zalias&nbsp;zalias&nbsp;zalias&nbsp;zalias&nbsp;zalias&nbsp;zalias&nbsp;zalias&nbsp;zalias&nbsp;zalias.</p>\n<p>\n Aaaaaaaaaaa. asdas. s sfd sf s&nbsp;</p>\n', 2, 1),
(66, 'ananasas', '', '<p>\n &nbsp;</p>\n<p>\n zalias&nbsp;zalias&nbsp;zalias&nbsp;zalias&nbsp;zalias&nbsp;zalias&nbsp;zalias&nbsp;zalias&nbsp;zalias&nbsp;zalias&nbsp;zalias&nbsp;zalias&nbsp;zalias&nbsp;zalias&nbsp;zalias&nbsp;zalias&nbsp;zalias&nbsp;zalias&nbsp;zalias&nbsp;zalias&nbsp;zalias&nbsp;zalias.</p>\n<p>\n Aaaaaaaaaaa. asdas. s sfd sf s&nbsp;</p>\n', 2, 1),
(67, 'kepuraite 23', '', '<p>\n &nbsp;</p>\n<p>\n kepuraite 22kepuraite 22kepuraite 22kepuraite 22kepuraite 22kepuraite 22?</p>\n<p>\n Akepuraite 22kepuraite 22kepuraite 22kepuraite 22kepuraite 22kepuraite 22kepuraite 22kepuraite.&nbsp;<br />\n B22kepuraite 22kepuraite 22kepuraite 22kepuraite 22kepuraite 22kepuraite. 22kepuraite 22kepuraite 22kepuraite 22kepuraite; 22kepuraite 22kepuraite 22.</p>\n<p>\n pirmas sakinys.</p>\n', 2, 16),
(68, 'kepuraite 24', '', '<p>\n &nbsp;</p>\n<p>\n kepuraite 22kepuraite 22kepuraite 22kepuraite 22kepuraite 22kepuraite 22?</p>\n<p>\n Akepuraite 22kepuraite 22kepuraite 22kepuraite 22kepuraite 22kepuraite 22kepuraite 22kepuraite.&nbsp;<br />\n B22kepuraite 22kepuraite 22kepuraite 22kepuraite 22kepuraite 22kepuraite. 22kepuraite 22kepuraite 22kepuraite 22kepuraite; 22kepuraite 22kepuraite 22.</p>\n<p>\n pirmas sakinys.</p>\n', 2, 16),
(69, 'kepuraite 25', '', '<p>\n kepuraite. 22kepuraite 22kepuraite; 22kepuraite 22kepuraite 22kepuraite 22?</p>\n<div>\n <p>\n  Akepuraite 22kepuraite 22kepuraite 22kepuraite 22kepuraite 22kepuraite 22kepuraite 22kepuraite.&nbsp;<br />\n  B22kepuraite 21kepuraite. 22kepuraite 22kepuraite 22kepuraite 22kepuraite. 22kepuraite 22kepuraite 22kepuraite 22?kepuraite; 22kepuraite 22kepuraite 22.</p>\n <p>\n  antras sakinys.</p>\n</div>\n<p>\n &nbsp;</p>\n<p>\n &nbsp;</p>\n', 2, 16),
(70, '"SELECT * FROM record"', 'SELECT * FROM record', '<p>\n SELECT * FROM record&nbsp;SELECT * FROM record&nbsp;SELECT * FROM record&nbsp;SELECT * FROM record&nbsp;SELECT * FROM record&nbsp;SELECT * FROM record&nbsp;SELECT * FROM record&nbsp;</p>\n', 2, 16),
(72, 'Džinsai juodi S', '', '<p>\n Džinsai juodi S.&nbsp;Džinsai juodi S.&nbsp;Džinsai juodi S.&nbsp;Džinsai juodi S.&nbsp;Džinsai juodi S.&nbsp;Džinsai juodi S.&nbsp;Džinsai juodi S.&nbsp;Džinsai juodi S.&nbsp;Džinsai juodi S.&nbsp;Džinsai juodi S.&nbsp;Džinsai juodi S.&nbsp;Džinsai juodi S.&nbsp;Džinsai juodi S.&nbsp;Džinsai juodi S.&nbsp;Džinsai juodi S.&nbsp;Džinsai juodi S.&nbsp;Džinsai juodi S.&nbsp;Džinsai juodi S.&nbsp;Džinsai juodi S.&nbsp;</p>\n', 2, 30),
(73, 'Džinsai juodi S', '', '<p>\n lėktuvas, dekoruotos kelnės, su juoda juostele. Taip pat galima rinktis su raudona, mėlyna ar žalsva spalva.</p>\n', 2, 30),
(74, 'Džinsai juodi S', '', '<p>\n lėktuvas, dekoruotos kelnės, su juoda juostele. Taip pat galima rinktis su raudona, mėlyna ar žalsva spalva.</p>\n', 2, 30),
(75, 'Dzinsai juodi S', '', '<p>\n lėktuvas, dekoruotos. kelnės, su juoda juostele. Taip pat, galima rinktis su raudona, mėlyna ar žalsva spalva.</p>\n', 2, 30),
(76, 'Džinsai juodi', '', '<p>\n lėktuvas, dekoruotos kelnės, su juod;a juostele. Taip pat galima rinktis su ra.udona, mėlyna ar žalsva spa?lva.</p>\n', 2, 30),
(77, 'Džinsai juodi S', '', '<p>\n lėktuvas, dekoruotos kelnės, su juoda juostele. Taip pat galima rinktis su raudona, mėlyna ar žalsva spalva.</p>\n', 2, 30),
(78, 'Dzinsau juodi M', '', '<p>\n lėktuvas, dekoruotos. kelnės, su juoda juostele. Taip pat galima. rinktis su. raudona, mėlyna ar žalsva spalva.</p>\n', 2, 30),
(80, 'Moteriški marškinėliai T-SHIRT Stedman Classic (spalvoti)', '', '<p>\n &nbsp;</p>\n<div>\n &lt;DIV class=request&gt;&lt;SPAN style=&quot;FONT-SIZE: small&quot;&gt;&lt;STRONG&gt;&lt;FONT size=2&gt;Dydžiai: S - M - L - XL - XXL&lt;/FONT&gt;&lt;/STRONG&gt;&lt;/SPAN&gt;&amp;nbsp; &lt;/DIV&gt;</div>\n<div>\n &lt;DIV&gt;</div>\n<div>\n &lt;P&gt;Klasikiniai moteri&scaron;ki mar&scaron;kinėliai. &lt;/P&gt;</div>\n<div>\n &lt;P&gt;Sudėtis: 100%&amp;nbsp; - medvilnė. Grey Heather (GYH) 85%&amp;nbsp;- medvilnė ir 15% - viskozė.&amp;nbsp;155 g/m&lt;SUP&gt;2&lt;/SUP&gt; &lt;/P&gt;</div>\n<div>\n &lt;P&gt;&lt;U&gt;&lt;STRONG&gt;Galimos spalvos:&lt;/STRONG&gt;&lt;/U&gt;&lt;/P&gt;</div>\n<div>\n &lt;P&gt;Tamsiai mėlyna&lt;/P&gt;</div>\n<div>\n &lt;P&gt;Raudona&lt;/P&gt;</div>\n<div>\n &lt;P&gt;Juoda&lt;/P&gt;</div>\n<div>\n &lt;P&gt;Mėlyna&lt;/P&gt;</div>\n<div>\n &lt;P&gt;Rožinė&lt;/P&gt;</div>\n<div>\n &lt;P&gt;Pilka&lt;/P&gt;</div>\n<div>\n &lt;P&gt;Oranžinė&lt;/P&gt;</div>\n<div>\n &lt;P&gt;Ry&scaron;kiai žalia&lt;/P&gt;</div>\n<div>\n &lt;P&gt;&Scaron;viesiai mėlyna&lt;/P&gt;&lt;/DIV&gt;</div>\n', 104440, 31),
(81, 'Moteriški marškinėliai T-SHIRT Stedman Classic (spalvoti)', '', '<p>\n &nbsp;</p>\n<div>\n &lt;DIV class=request&gt;&lt;SPAN style=&quot;FONT-SIZE: small&quot;&gt;&lt;STRONG&gt;&lt;FONT size=2&gt;Dydžiai: S - M - L - XL - XXL&lt;/FONT&gt;&lt;/STRONG&gt;&lt;/SPAN&gt;&amp;nbsp; &lt;/DIV&gt;</div>\n<div>\n &lt;DIV&gt;</div>\n<div>\n &lt;P&gt;Klasikiniai moteri&scaron;ki mar&scaron;kinėliai. &lt;/P&gt;</div>\n<div>\n &lt;P&gt;Sudėtis: 100%&amp;nbsp; - medvilnė. Grey Heather (GYH) 85%&amp;nbsp;- medvilnė ir 15% - viskozė.&amp;nbsp;155 g/m&lt;SUP&gt;2&lt;/SUP&gt; &lt;/P&gt;</div>\n<div>\n &lt;P&gt;&lt;U&gt;&lt;STRONG&gt;Galimos spalvos:&lt;/STRONG&gt;&lt;/U&gt;&lt;/P&gt;</div>\n<div>\n &lt;P&gt;Tamsiai mėlyna&lt;/P&gt;</div>\n<div>\n &lt;P&gt;Raudona&lt;/P&gt;</div>\n<div>\n &lt;P&gt;Juoda&lt;/P&gt;</div>\n<div>\n &lt;P&gt;Mėlyna&lt;/P&gt;</div>\n<div>\n &lt;P&gt;Rožinė&lt;/P&gt;</div>\n<div>\n &lt;P&gt;Pilka&lt;/P&gt;</div>\n<div>\n &lt;P&gt;Oranžinė&lt;/P&gt;</div>\n<div>\n &lt;P&gt;Ry&scaron;kiai žalia&lt;/P&gt;</div>\n<div>\n &lt;P&gt;&Scaron;viesiai mėlyna&lt;/P&gt;&lt;/DIV&gt;</div>\n', 2, 10),
(82, 'antras', '', '<p>\n antras&nbsp;antras&nbsp;antras&nbsp;antras&nbsp;antras&nbsp;antras&nbsp;antras&nbsp;antras&nbsp;antras&nbsp;antras&nbsp;antras&nbsp;antras&nbsp;antras&nbsp;antras&nbsp;antras&nbsp;antras&nbsp;antras&nbsp;antras&nbsp;antras&nbsp;antras&nbsp;antras&nbsp;antras&nbsp;antras&nbsp;antras&nbsp;antras&nbsp;antras&nbsp;antras&nbsp;antras&nbsp;antras&nbsp;antras&nbsp;antras&nbsp;antras&nbsp;antras&nbsp;antras&nbsp;antras&nbsp;antras&nbsp;antras&nbsp;antras&nbsp;antras&nbsp;antras&nbsp;antras&nbsp;antras&nbsp;antras&nbsp;antras&nbsp;antras&nbsp;antras&nbsp;antras&nbsp;antras&nbsp;antras&nbsp;antras&nbsp;antras&nbsp;antras&nbsp;antras&nbsp;antras&nbsp;antras&nbsp;antras&nbsp;antras&nbsp;antras&nbsp;antras&nbsp;antras&nbsp;antras&nbsp;antras&nbsp;antras&nbsp;antras&nbsp;antras&nbsp;antras&nbsp;antras&nbsp;antras&nbsp;antras&nbsp;antras&nbsp;antras&nbsp;antras&nbsp;antras&nbsp;antras&nbsp;antras&nbsp;antras&nbsp;antras&nbsp;antras&nbsp;antras&nbsp;antras&nbsp;antras&nbsp;antras&nbsp;antras&nbsp;antras&nbsp;</p>\n', 104440, 10),
(83, 'Moteriški marškinėliai T-SHIRT Stedman Classic (spalvoti) 2', 'www.b-a.lt', '<p>\n &nbsp;</p>\n<div>\n Dydžiai: S - M - L - XL - XXL</div>\n<div>\n <p>\n  Klasikiniai moteri&scaron;ki mar&scaron;kinėliai.</p>\n <p>\n  Sudėtis: 100%&nbsp; - medvilnė. Grey Heather (GYH) 85%&nbsp;- medvilnė ir 15% - viskozė.&nbsp;155 g/m2</p>\n <p>\n  Galimos spalvos:</p>\n <p>\n  Tamsiai mėlyna</p>\n <p>\n  Raudona</p>\n <p>\n  Juoda</p>\n <p>\n  Mėlyna</p>\n <p>\n  Rožinė</p>\n <p>\n  Pilka</p>\n <p>\n  Oranžinė</p>\n <p>\n  Ry&scaron;kiai žalia</p>\n <p>\n  &Scaron;viesiai mėlyna</p>\n</div>\n<p>\n &nbsp;</p>\n', 104440, 30),
(84, 'Moteriški marškinėliai T-SHIRT Stedman Classic (spalvoti) 3', 'www.b-a.lt', '<p>\n &nbsp;</p>\n<div  13px; margin: 0px; padding: 0px; border: 0px; outline: 0px; vertical-align: top; color: rgb(36, 36, 36); font-family: Arial, Helvetica, sans-serif; line-height: 18px;">\n Dydžiai: S - M - L - XL - XXL</div>\n<div  13px; margin: 0px; padding: 0px; border: 0px; outline: 0px; vertical-align: top; color: rgb(36, 36, 36); font-family: Arial, Helvetica, sans-serif; line-height: 18px;">\n <p  transparent; margin: 0px 0px 18px; padding: 0px; border: 0px; outline: 0px; vertical-align: top;">\n  Klasikiniai moteri&scaron;ki mar&scaron;kinėliai.</p>\n <p  transparent; margin: 0px 0px 18px; padding: 0px; border: 0px; outline: 0px; vertical-align: top;">\n  Sudėtis: 100%&nbsp; - medvilnė. Grey Heather (GYH) 85%&nbsp;- medvilnė ir 15% - viskozė.&nbsp;155 g/m2</p>\n <p  transparent; margin: 0px 0px 18px; padding: 0px; border: 0px; outline: 0px; vertical-align: top;">\n  Galimos spalvos:</p>\n <p  transparent; margin: 0px 0px 18px; padding: 0px; border: 0px; outline: 0px; vertical-align: top;">\n  Tamsiai mėlyna</p>\n <p  transparent; margin: 0px 0px 18px; padding: 0px; border: 0px; outline: 0px; vertical-align: top;">\n  Raudona</p>\n <p  transparent; margin: 0px 0px 18px; padding: 0px; border: 0px; outline: 0px; vertical-align: top;">\n  Juoda</p>\n <p  transparent; margin: 0px 0px 18px; padding: 0px; border: 0px; outline: 0px; vertical-align: top;">\n  Mėlyna</p>\n <p  transparent; margin: 0px 0px 18px; padding: 0px; border: 0px; outline: 0px; vertical-align: top;">\n  Rožinė</p>\n <p  transparent; margin: 0px 0px 18px; padding: 0px; border: 0px; outline: 0px; vertical-align: top;">\n  Pilka</p>\n <p  transparent; margin: 0px 0px 18px; padding: 0px; border: 0px; outline: 0px; vertical-align: top;">\n  Oranžinė</p>\n <p  transparent; margin: 0px 0px 18px; padding: 0px; border: 0px; outline: 0px; vertical-align: top;">\n  Ry&scaron;kiai žalia</p>\n <p  transparent; margin: 0px 0px 18px; padding: 0px; border: 0px; outline: 0px; vertical-align: top;">\n  &Scaron;viesiai mėlyna</p>\n</div>\n<p>\n &nbsp;</p>\n', 104440, 30),
(85, 'Moteriški marškinėliai T-SHIRT Stedman Classic (spalvoti) 4', 'www.b-a.lt', '<p>\n &nbsp;</p>\n<div -="" border:="" color:="" div="" font-family:="" iai:="" l="" line-height:="" m="" margin:="" outline:="" padding:="" s=""  13px; margin: 0px; padding: 0px; border: 0px; outline: 0px; vertical-align: top; color: rgb(36, 36, 36); font-family: Arial, Helvetica, sans-serif; line-height: 18px;" vertical-align:="" xl="">\n <p 0px="" border:="" ki="" klasikiniai="" margin:="" outline:="" p="" padding:=""  transparent; margin: 0px 0px 18px; padding: 0px; border: 0px; outline: 0px; vertical-align: top;" vertical-align:="">\n  Sudėtis: 100%&nbsp; - medvilnė. Grey Heather (GYH) 85%&nbsp;- medvilnė ir 15% - viskozė.&nbsp;155 g/m2</p>\n <p 0px="" border:="" galimos="" margin:="" outline:="" p="" padding:=""  transparent; margin: 0px 0px 18px; padding: 0px; border: 0px; outline: 0px; vertical-align: top;" vertical-align:="">\n  Tamsiai mėlyna</p>\n <p 0px="" border:="" margin:="" outline:="" p="" padding:=""  transparent; margin: 0px 0px 18px; padding: 0px; border: 0px; outline: 0px; vertical-align: top;" vertical-align:="">\n  Juoda</p>\n <p 0px="" border:="" margin:="" outline:="" p="" padding:=""  transparent; margin: 0px 0px 18px; padding: 0px; border: 0px; outline: 0px; vertical-align: top;" vertical-align:="">\n  Rožinė</p>\n <p 0px="" border:="" margin:="" outline:="" p="" padding:=""  transparent; margin: 0px 0px 18px; padding: 0px; border: 0px; outline: 0px; vertical-align: top;" vertical-align:="">\n  Oranžinė</p>\n <p 0px="" border:="" kiai="" margin:="" outline:="" p="" padding:=""  transparent; margin: 0px 0px 18px; padding: 0px; border: 0px; outline: 0px; vertical-align: top;" vertical-align:="">\n  &Scaron;viesiai mėlyna</p>\n</div>\n<p>\n &nbsp;</p>\n', 104440, 30),
(86, 'Moteriški marškinėliai T-SHIRT Stedman Classic (spalvoti) 4', 'www.b-a.lt', '<p>\n &nbsp;</p>\n<div  13px; margin: 0px; padding: 0px; border: 0px; outline: 0px; vertical-align: top; color: rgb(36, 36, 36); font-family: Arial, Helvetica, sans-serif; line-height: 18px;">\n Dydžiai: S - M - L - XL - XXL</div>\n<div  13px; margin: 0px; padding: 0px; border: 0px; outline: 0px; vertical-align: top; color: rgb(36, 36, 36); font-family: Arial, Helvetica, sans-serif; line-height: 18px;">\n <p  transparent; margin: 0px 0px 18px; padding: 0px; border: 0px; outline: 0px; vertical-align: top;">\n  Klasikiniai moteri&scaron;ki mar&scaron;kinėliai.</p>\n <p  transparent; margin: 0px 0px 18px; padding: 0px; border: 0px; outline: 0px; vertical-align: top;">\n  Sudėtis: 100%&nbsp; - medvilnė. Grey Heather (GYH) 85%&nbsp;- medvilnė ir 15% - viskozė.&nbsp;155 g/m2</p>\n <p  transparent; margin: 0px 0px 18px; padding: 0px; border: 0px; outline: 0px; vertical-align: top;">\n  Galimos spalvos:</p>\n <p  transparent; margin: 0px 0px 18px; padding: 0px; border: 0px; outline: 0px; vertical-align: top;">\n  Tamsiai mėlyna</p>\n <p  transparent; margin: 0px 0px 18px; padding: 0px; border: 0px; outline: 0px; vertical-align: top;">\n  Raudona</p>\n <p  transparent; margin: 0px 0px 18px; padding: 0px; border: 0px; outline: 0px; vertical-align: top;">\n  Juoda</p>\n <p  transparent; margin: 0px 0px 18px; padding: 0px; border: 0px; outline: 0px; vertical-align: top;">\n  Mėlyna</p>\n <p  transparent; margin: 0px 0px 18px; padding: 0px; border: 0px; outline: 0px; vertical-align: top;">\n  Rožinė</p>\n <p  transparent; margin: 0px 0px 18px; padding: 0px; border: 0px; outline: 0px; vertical-align: top;">\n  Pilka</p>\n <p  transparent; margin: 0px 0px 18px; padding: 0px; border: 0px; outline: 0px; vertical-align: top;">\n  Oranžinė</p>\n <p  transparent; margin: 0px 0px 18px; padding: 0px; border: 0px; outline: 0px; vertical-align: top;">\n  Ry&scaron;kiai žalia</p>\n <p  transparent; margin: 0px 0px 18px; padding: 0px; border: 0px; outline: 0px; vertical-align: top;">\n  &Scaron;viesiai mėlyna</p>\n</div>\n<p>\n &nbsp;</p>\n', 104440, 30);

-- --------------------------------------------------------

--
-- Table structure for table `record_hash`
--

CREATE TABLE IF NOT EXISTS `record_hash` (
  `record_id` int(11) NOT NULL,
  `hash` varchar(40) COLLATE utf8_lithuanian_ci NOT NULL,
  `order` int(11) NOT NULL
) ENGINE=InnoDB DEFAULT CHARSET=utf8 COLLATE=utf8_lithuanian_ci;

--
-- Dumping data for table `record_hash`
--

INSERT INTO `record_hash` (`record_id`, `hash`, `order`) VALUES
(68, 'cb2636c5eea4cd10998a30b2e73537bf', 0),
(68, 'e3e4c58c3444498ba6e31e9abba31c7c', 1),
(68, 'bf231632b0bd286ddc285480b6835deb', 2),
(68, '8439958257e65c7ad1df08a326c24d51', 3),
(68, 'ba4be771540ae4869a7f1de2a2247fdf', 4),
(68, '261bb3a9af2eb2ac6d4b053fa1ac032d', 5),
(68, 'd41d8cd98f00b204e9800998ecf8427e', 6),
(69, 'e3defe2e944979c8d474b02355335543', 0),
(69, '7c060e6e81b4c76798680e40d668f627', 1),
(69, '06da40520d1f9c75c34c621b3a568b95', 2),
(69, 'e3e4c58c3444498ba6e31e9abba31c7c', 3),
(69, '521d0318dfe6e15610e8e5c85f64d59a', 4),
(69, '8439958257e65c7ad1df08a326c24d51', 5),
(69, '06da40520d1f9c75c34c621b3a568b95', 6),
(69, 'e3defe2e944979c8d474b02355335543', 7),
(69, 'ba4be771540ae4869a7f1de2a2247fdf', 8),
(69, '6e4dee9414a95b2de42a106af2237e90', 9),
(69, 'd41d8cd98f00b204e9800998ecf8427e', 10),
(70, 'c7dbf8e0b8b98104937dd12e138fac76', 0),
(61, '1f91b9e854ee2fbb09ffe22dd6e3a627', 0),
(61, '56d9a5dc7bb6f9208f1d3c6a9d36d2ba', 1),
(61, '760e75dc0838f522d8152bd3dd269f87', 2),
(61, 'b1657d0151e8c10c5d87e350cf5217fa', 3),
(61, '1f91b9e854ee2fbb09ffe22dd6e3a627', 4),
(61, '56d9a5dc7bb6f9208f1d3c6a9d36d2ba', 5),
(61, '760e75dc0838f522d8152bd3dd269f87', 6),
(61, 'b1657d0151e8c10c5d87e350cf5217fa', 7),
(61, '1f91b9e854ee2fbb09ffe22dd6e3a627', 8),
(61, '56d9a5dc7bb6f9208f1d3c6a9d36d2ba', 9),
(61, '760e75dc0838f522d8152bd3dd269f87', 10),
(61, 'b1657d0151e8c10c5d87e350cf5217fa', 11),
(61, '1f91b9e854ee2fbb09ffe22dd6e3a627', 12),
(61, '56d9a5dc7bb6f9208f1d3c6a9d36d2ba', 13),
(61, '760e75dc0838f522d8152bd3dd269f87', 14),
(61, 'b1657d0151e8c10c5d87e350cf5217fa', 15),
(61, '1f91b9e854ee2fbb09ffe22dd6e3a627', 16),
(61, '56d9a5dc7bb6f9208f1d3c6a9d36d2ba', 17),
(61, '760e75dc0838f522d8152bd3dd269f87', 18),
(61, 'b1657d0151e8c10c5d87e350cf5217fa', 19),
(61, '1f91b9e854ee2fbb09ffe22dd6e3a627', 20),
(61, '56d9a5dc7bb6f9208f1d3c6a9d36d2ba', 21),
(61, '760e75dc0838f522d8152bd3dd269f87', 22),
(61, 'b1657d0151e8c10c5d87e350cf5217fa', 23),
(61, '1f91b9e854ee2fbb09ffe22dd6e3a627', 24),
(61, '56d9a5dc7bb6f9208f1d3c6a9d36d2ba', 25),
(61, '760e75dc0838f522d8152bd3dd269f87', 26),
(61, 'b1657d0151e8c10c5d87e350cf5217fa', 27),
(61, '1f91b9e854ee2fbb09ffe22dd6e3a627', 28),
(61, '56d9a5dc7bb6f9208f1d3c6a9d36d2ba', 29),
(61, '760e75dc0838f522d8152bd3dd269f87', 30),
(61, 'b1657d0151e8c10c5d87e350cf5217fa', 31),
(61, '1f91b9e854ee2fbb09ffe22dd6e3a627', 32),
(61, '56d9a5dc7bb6f9208f1d3c6a9d36d2ba', 33),
(61, '760e75dc0838f522d8152bd3dd269f87', 34),
(61, 'b1657d0151e8c10c5d87e350cf5217fa', 35),
(61, '1f91b9e854ee2fbb09ffe22dd6e3a627', 36),
(61, '56d9a5dc7bb6f9208f1d3c6a9d36d2ba', 37),
(61, '760e75dc0838f522d8152bd3dd269f87', 38),
(61, 'b1657d0151e8c10c5d87e350cf5217fa', 39),
(61, '1f91b9e854ee2fbb09ffe22dd6e3a627', 40),
(61, '56d9a5dc7bb6f9208f1d3c6a9d36d2ba', 41),
(61, '760e75dc0838f522d8152bd3dd269f87', 42),
(61, 'b1657d0151e8c10c5d87e350cf5217fa', 43),
(61, '1f91b9e854ee2fbb09ffe22dd6e3a627', 44),
(61, '56d9a5dc7bb6f9208f1d3c6a9d36d2ba', 45),
(61, '760e75dc0838f522d8152bd3dd269f87', 46),
(61, 'b1657d0151e8c10c5d87e350cf5217fa', 47),
(61, '1f91b9e854ee2fbb09ffe22dd6e3a627', 48),
(61, '56d9a5dc7bb6f9208f1d3c6a9d36d2ba', 49),
(61, '760e75dc0838f522d8152bd3dd269f87', 50),
(61, 'b1657d0151e8c10c5d87e350cf5217fa', 51),
(61, '1f91b9e854ee2fbb09ffe22dd6e3a627', 52),
(61, '56d9a5dc7bb6f9208f1d3c6a9d36d2ba', 53),
(61, '760e75dc0838f522d8152bd3dd269f87', 54),
(61, 'b1657d0151e8c10c5d87e350cf5217fa', 55),
(61, '1f91b9e854ee2fbb09ffe22dd6e3a627', 56),
(61, '56d9a5dc7bb6f9208f1d3c6a9d36d2ba', 57),
(61, '760e75dc0838f522d8152bd3dd269f87', 58),
(61, 'b1657d0151e8c10c5d87e350cf5217fa', 59),
(61, '1f91b9e854ee2fbb09ffe22dd6e3a627', 60),
(61, '56d9a5dc7bb6f9208f1d3c6a9d36d2ba', 61),
(61, '760e75dc0838f522d8152bd3dd269f87', 62),
(61, 'b1657d0151e8c10c5d87e350cf5217fa', 63),
(61, '1f91b9e854ee2fbb09ffe22dd6e3a627', 64),
(61, '56d9a5dc7bb6f9208f1d3c6a9d36d2ba', 65),
(61, '760e75dc0838f522d8152bd3dd269f87', 66),
(61, 'b1657d0151e8c10c5d87e350cf5217fa', 67),
(61, '1f91b9e854ee2fbb09ffe22dd6e3a627', 68),
(61, '56d9a5dc7bb6f9208f1d3c6a9d36d2ba', 69),
(61, '760e75dc0838f522d8152bd3dd269f87', 70),
(61, 'b1657d0151e8c10c5d87e350cf5217fa', 71),
(61, '1f91b9e854ee2fbb09ffe22dd6e3a627', 72),
(61, '56d9a5dc7bb6f9208f1d3c6a9d36d2ba', 73),
(61, '760e75dc0838f522d8152bd3dd269f87', 74),
(61, 'b1657d0151e8c10c5d87e350cf5217fa', 75),
(61, '1f91b9e854ee2fbb09ffe22dd6e3a627', 76),
(61, '56d9a5dc7bb6f9208f1d3c6a9d36d2ba', 77),
(61, '760e75dc0838f522d8152bd3dd269f87', 78),
(61, 'b1657d0151e8c10c5d87e350cf5217fa', 79),
(61, '1f91b9e854ee2fbb09ffe22dd6e3a627', 80),
(61, '56d9a5dc7bb6f9208f1d3c6a9d36d2ba', 81),
(61, '760e75dc0838f522d8152bd3dd269f87', 82),
(61, 'b1657d0151e8c10c5d87e350cf5217fa', 83),
(61, '1f91b9e854ee2fbb09ffe22dd6e3a627', 84),
(61, '56d9a5dc7bb6f9208f1d3c6a9d36d2ba', 85),
(61, '760e75dc0838f522d8152bd3dd269f87', 86),
(61, 'b1657d0151e8c10c5d87e350cf5217fa', 87),
(61, '1f91b9e854ee2fbb09ffe22dd6e3a627', 88),
(61, '56d9a5dc7bb6f9208f1d3c6a9d36d2ba', 89),
(61, '760e75dc0838f522d8152bd3dd269f87', 90),
(61, 'b1657d0151e8c10c5d87e350cf5217fa', 91),
(61, '1f91b9e854ee2fbb09ffe22dd6e3a627', 92),
(61, '56d9a5dc7bb6f9208f1d3c6a9d36d2ba', 93),
(61, '760e75dc0838f522d8152bd3dd269f87', 94),
(61, 'b1657d0151e8c10c5d87e350cf5217fa', 95),
(61, '1f91b9e854ee2fbb09ffe22dd6e3a627', 96),
(61, '56d9a5dc7bb6f9208f1d3c6a9d36d2ba', 97),
(61, '760e75dc0838f522d8152bd3dd269f87', 98),
(61, 'b1657d0151e8c10c5d87e350cf5217fa', 99),
(61, '1f91b9e854ee2fbb09ffe22dd6e3a627', 100),
(61, '56d9a5dc7bb6f9208f1d3c6a9d36d2ba', 101),
(61, '760e75dc0838f522d8152bd3dd269f87', 102),
(61, 'b1657d0151e8c10c5d87e350cf5217fa', 103),
(61, '1f91b9e854ee2fbb09ffe22dd6e3a627', 104),
(61, '56d9a5dc7bb6f9208f1d3c6a9d36d2ba', 105),
(61, '760e75dc0838f522d8152bd3dd269f87', 106),
(61, 'b1657d0151e8c10c5d87e350cf5217fa', 107),
(61, '1f91b9e854ee2fbb09ffe22dd6e3a627', 108),
(61, '56d9a5dc7bb6f9208f1d3c6a9d36d2ba', 109),
(61, '760e75dc0838f522d8152bd3dd269f87', 110),
(61, 'b1657d0151e8c10c5d87e350cf5217fa', 111),
(61, 'd41d8cd98f00b204e9800998ecf8427e', 112),
(64, '4400f867a30bfea226c61a5f58cd7352', 0),
(64, 'd57f21e6a273781dbf8b7657940f3b03', 1),
(64, '0aa1ea9a5a04b78d4581dd6d17742627', 2),
(64, '34c34f976027198d93e634f6d64f67ce', 3),
(9, '4400f867a30bfea226c61a5f58cd7352', 0),
(9, 'd57f21e6a273781dbf8b7657940f3b03', 1),
(9, '0aa1ea9a5a04b78d4581dd6d17742627', 2),
(9, '67f07c7b476c3d6c9ea50881e614215c', 3),
(19, 'cb2636c5eea4cd10998a30b2e73537bf', 0),
(19, 'e3e4c58c3444498ba6e31e9abba31c7c', 1),
(19, 'bf231632b0bd286ddc285480b6835deb', 2),
(19, '8439958257e65c7ad1df08a326c24d51', 3),
(19, 'ba4be771540ae4869a7f1de2a2247fdf', 4),
(19, '261bb3a9af2eb2ac6d4b053fa1ac032d', 5),
(19, 'd41d8cd98f00b204e9800998ecf8427e', 6),
(40, '0a0b52bcda7cfd19fed2fcf83dad0c8c', 0),
(57, '261bb3a9af2eb2ac6d4b053fa1ac032d', 0),
(57, '6e4dee9414a95b2de42a106af2237e90', 1),
(57, '96a04a39f0bb5d651e499def6143c75d', 2),
(57, 'a3e5c3b4dc025e47685dc3cd1e215c6b', 3),
(57, 'd41d8cd98f00b204e9800998ecf8427e', 4),
(60, '00cb790f19975496ced03f7368041d79', 0),
(67, 'cb2636c5eea4cd10998a30b2e73537bf', 0),
(67, 'e3e4c58c3444498ba6e31e9abba31c7c', 1),
(67, 'bf231632b0bd286ddc285480b6835deb', 2),
(67, '8439958257e65c7ad1df08a326c24d51', 3),
(67, 'ba4be771540ae4869a7f1de2a2247fdf', 4),
(67, '261bb3a9af2eb2ac6d4b053fa1ac032d', 5),
(67, 'd41d8cd98f00b204e9800998ecf8427e', 6),
(58, 'd57f21e6a273781dbf8b7657940f3b03', 0),
(58, '1efc98f0102b2109fb90307e6e1c484e', 1),
(58, '93c9597045e88366796c4af96ddd9b73', 2),
(58, '18ab01ae328631617e8f06ddc99fd525', 3),
(58, '2403f7398c6f23a39e8ec25fafe5d1d3', 4),
(58, '93c9597045e88366796c4af96ddd9b73', 5),
(58, '261bb3a9af2eb2ac6d4b053fa1ac032d', 6),
(58, '948e0d9cc1b402f853afb4c4afc1f576', 7),
(58, '4ced4d5385d736d33026fd1c7345e39a', 8),
(58, '426ec4ac35ad38d125f6efb39da03098', 9),
(59, 'd57f21e6a273781dbf8b7657940f3b03', 0),
(59, '1efc98f0102b2109fb90307e6e1c484e', 1),
(59, '93c9597045e88366796c4af96ddd9b73', 2),
(59, '18ab01ae328631617e8f06ddc99fd525', 3),
(59, '2403f7398c6f23a39e8ec25fafe5d1d3', 4),
(59, '948e0d9cc1b402f853afb4c4afc1f576', 5),
(59, '4ced4d5385d736d33026fd1c7345e39a', 6),
(59, '426ec4ac35ad38d125f6efb39da03098', 7),
(6, 'f0cf8a6495ef28d0707c517dd266e544', 0),
(6, '0aa1ea9a5a04b78d4581dd6d17742627', 1),
(6, '8eb4392c08c27b7a5a13c62b93b12604', 2),
(6, 'b9696904661954252bdcee31c9b28858', 3),
(6, '6cdfb6d60942157c48720b3359d8d4e0', 4),
(71, '835123af85544aa10a767b2b22cc875f', 0),
(71, 'a3bf51ab4b4e9123b8742ac40437c032', 1),
(71, 'd41d8cd98f00b204e9800998ecf8427e', 2),
(72, '99dd63f291b2d644c2e41faa24d8e24a', 0),
(72, '99dd63f291b2d644c2e41faa24d8e24a', 1),
(72, '99dd63f291b2d644c2e41faa24d8e24a', 2),
(72, '99dd63f291b2d644c2e41faa24d8e24a', 3),
(72, '99dd63f291b2d644c2e41faa24d8e24a', 4),
(72, '99dd63f291b2d644c2e41faa24d8e24a', 5),
(72, '99dd63f291b2d644c2e41faa24d8e24a', 6),
(72, '99dd63f291b2d644c2e41faa24d8e24a', 7),
(72, '99dd63f291b2d644c2e41faa24d8e24a', 8),
(72, '99dd63f291b2d644c2e41faa24d8e24a', 9),
(72, '99dd63f291b2d644c2e41faa24d8e24a', 10),
(72, '99dd63f291b2d644c2e41faa24d8e24a', 11),
(72, '99dd63f291b2d644c2e41faa24d8e24a', 12),
(72, '99dd63f291b2d644c2e41faa24d8e24a', 13),
(72, '99dd63f291b2d644c2e41faa24d8e24a', 14),
(72, '99dd63f291b2d644c2e41faa24d8e24a', 15),
(72, '99dd63f291b2d644c2e41faa24d8e24a', 16),
(72, '99dd63f291b2d644c2e41faa24d8e24a', 17),
(72, '99dd63f291b2d644c2e41faa24d8e24a', 18),
(72, 'd41d8cd98f00b204e9800998ecf8427e', 19),
(73, 'd1763b686e92589bf96f7bb6dce8c481', 0),
(73, 'b8cda8dfd775f9c929da97b37d3a43c3', 1),
(73, 'd41d8cd98f00b204e9800998ecf8427e', 2),
(73, 'd1763b686e92589bf96f7bb6dce8c481', 0),
(73, 'b8cda8dfd775f9c929da97b37d3a43c3', 1),
(73, 'd41d8cd98f00b204e9800998ecf8427e', 2),
(75, '0f47fb32379d559059a0d13bbe2a3ecf', 0),
(75, '9a9a0e4a06e8b78564f54f3c93bc7116', 1),
(75, 'b42bf015bad9dbaff20c74f3e55ef93f', 2),
(75, 'd41d8cd98f00b204e9800998ecf8427e', 3),
(76, '155a2b62baf8c432165c59ea8062adc3', 0),
(76, 'b7ee9a99d2040a349df1a61c95b01462', 1),
(76, 'b1ddcb4dd66c20eb1d55a619ca8b3245', 2),
(76, 'd5d3424ed438d2e4f998f24a7814e8f5', 3),
(76, '6501b7cb5c6459fd043c781545020721', 4),
(76, 'd41d8cd98f00b204e9800998ecf8427e', 5),
(73, 'd1763b686e92589bf96f7bb6dce8c481', 0),
(73, 'b8cda8dfd775f9c929da97b37d3a43c3', 1),
(73, 'd41d8cd98f00b204e9800998ecf8427e', 2),
(78, '0f47fb32379d559059a0d13bbe2a3ecf', 0),
(78, '9a9a0e4a06e8b78564f54f3c93bc7116', 1),
(78, '6bfa4efbbf96804dbe140c9bc8e7d9a2', 2),
(78, 'e1b3bdd52fae9c0656f665b30940c85b', 3),
(78, '7e866cd3ef2e3d71ee82b10b913a87de', 4),
(78, 'd41d8cd98f00b204e9800998ecf8427e', 5),
(79, '1f91b9e854ee2fbb09ffe22dd6e3a627', 0),
(79, 'cc156c35881dd611e2c5f51ea494dda3', 1),
(79, '1f91b9e854ee2fbb09ffe22dd6e3a627', 2),
(79, 'be9aa474d8abfa9f5fb971b7c4e3b648', 3),
(79, '04a26149200e49e58759c86252d2d94e', 4),
(79, 'b1657d0151e8c10c5d87e350cf5217fa', 5),
(79, '1f91b9e854ee2fbb09ffe22dd6e3a627', 6),
(79, 'ebeb5392e9f41a943ad3df933f3d7e0b', 7),
(79, '1f91b9e854ee2fbb09ffe22dd6e3a627', 8),
(79, '97c5f5c59f9fd6441ccc38dcf183a637', 9),
(79, 'dd2076be687d04b3fbe2a797e296a20f', 10),
(79, '166bd4b3bff481f9cca2bd22fde0022a', 11),
(79, '1f91b9e854ee2fbb09ffe22dd6e3a627', 12),
(79, 'd63fee312689bc3d5a5d8c0ea2fe495a', 13),
(79, '1f91b9e854ee2fbb09ffe22dd6e3a627', 14),
(79, '2737b643b721d792687291883caf4ba8', 15),
(79, 'bf49803a716571e8acf4c7036a83987c', 16),
(79, '8652606c8d662eac2fcf1ce9a9d0fa10', 17),
(79, '1f91b9e854ee2fbb09ffe22dd6e3a627', 18),
(79, '3cbf8ed32ec0feb9f9da8a11e69a9dd8', 19),
(79, '1f91b9e854ee2fbb09ffe22dd6e3a627', 20),
(79, '4cc1f2d12ff350d75b596191d8546b1f', 21),
(79, '1f91b9e854ee2fbb09ffe22dd6e3a627', 22),
(79, '78138be1dc7cfb46f0a5e082fc1b4a38', 23),
(79, 'a87ed93d49615b617d41eca6b941c563', 24),
(79, 'a83f18a6b7c06d165d01a07c4ab854e7', 25),
(79, '4591fc2aee1d57187bd066e1415ae0a7', 26),
(79, '1f91b9e854ee2fbb09ffe22dd6e3a627', 27),
(79, 'df1b08b201bee709a79e9f09737b32be', 28),
(79, '1f91b9e854ee2fbb09ffe22dd6e3a627', 29),
(79, '78138be1dc7cfb46f0a5e082fc1b4a38', 30),
(79, 'fb78a0b5ee992958745fa30d79b9d8af', 31),
(79, '8652606c8d662eac2fcf1ce9a9d0fa10', 32),
(79, 'e0fff0ce2f6c9b889b28afecc4e46dfe', 33),
(79, 'f92ed228d7a492482a5bf97cdf3a3da4', 34),
(79, '8652606c8d662eac2fcf1ce9a9d0fa10', 35),
(79, '464f4100888044187ef5e737abb5ea5d', 36),
(79, 'bf49803a716571e8acf4c7036a83987c', 37),
(79, '8652606c8d662eac2fcf1ce9a9d0fa10', 38),
(79, 'ddc20b0672d01ca807c2d9d65e879666', 39),
(79, '82191a22fd14f7fbe1b706fd1c316b6d', 40),
(79, '61a1c39306c011b48bfd3b60b6893101', 41),
(79, 'cc1e934c20e8a1b7d969880c71933ef9', 42),
(79, '1f91b9e854ee2fbb09ffe22dd6e3a627', 43),
(79, 'df1b08b201bee709a79e9f09737b32be', 44),
(79, '1f91b9e854ee2fbb09ffe22dd6e3a627', 45),
(79, '78138be1dc7cfb46f0a5e082fc1b4a38', 46),
(79, '1f91b9e854ee2fbb09ffe22dd6e3a627', 47),
(79, '97540334c56f59857ad5018f63db0d7c', 48),
(79, '1f91b9e854ee2fbb09ffe22dd6e3a627', 49),
(79, 'ebeb5392e9f41a943ad3df933f3d7e0b', 50),
(79, 'afe067c74c2c7fc12bc8c24a2bc66424', 51),
(79, 'd63fee312689bc3d5a5d8c0ea2fe495a', 52),
(79, '1f91b9e854ee2fbb09ffe22dd6e3a627', 53),
(79, 'd430d2296339f77950e6d326406dd82f', 54),
(79, '1f91b9e854ee2fbb09ffe22dd6e3a627', 55),
(79, 'df1b08b201bee709a79e9f09737b32be', 56),
(79, '1f91b9e854ee2fbb09ffe22dd6e3a627', 57),
(79, '78138be1dc7cfb46f0a5e082fc1b4a38', 58),
(79, 'eb3fd241e02efc932ec9cc3a77481256', 59),
(79, 'df1b08b201bee709a79e9f09737b32be', 60),
(79, '1f91b9e854ee2fbb09ffe22dd6e3a627', 61),
(79, '78138be1dc7cfb46f0a5e082fc1b4a38', 62),
(79, '40ea6f365884f7d6146b8f2980c08747', 63),
(79, 'df1b08b201bee709a79e9f09737b32be', 64),
(79, '1f91b9e854ee2fbb09ffe22dd6e3a627', 65),
(79, '78138be1dc7cfb46f0a5e082fc1b4a38', 66),
(79, '12df8735f64a95951c54fec6d2d8412a', 67),
(79, 'df1b08b201bee709a79e9f09737b32be', 68),
(79, '1f91b9e854ee2fbb09ffe22dd6e3a627', 69),
(79, '78138be1dc7cfb46f0a5e082fc1b4a38', 70),
(79, 'f328522a7d553f8c1a6c45971bed66c6', 71),
(79, 'df1b08b201bee709a79e9f09737b32be', 72),
(79, '1f91b9e854ee2fbb09ffe22dd6e3a627', 73),
(79, '78138be1dc7cfb46f0a5e082fc1b4a38', 74),
(79, '5247d4bfc3c39caa8f672e702b919a45', 75),
(79, 'df1b08b201bee709a79e9f09737b32be', 76),
(79, '1f91b9e854ee2fbb09ffe22dd6e3a627', 77),
(79, '78138be1dc7cfb46f0a5e082fc1b4a38', 78),
(79, '5e15185b14348a5bd64e8c601a307059', 79),
(79, 'df1b08b201bee709a79e9f09737b32be', 80),
(79, '1f91b9e854ee2fbb09ffe22dd6e3a627', 81),
(79, '78138be1dc7cfb46f0a5e082fc1b4a38', 82),
(79, '7b80c11cdb925739104a203e532250d9', 83),
(79, 'df1b08b201bee709a79e9f09737b32be', 84),
(79, '1f91b9e854ee2fbb09ffe22dd6e3a627', 85),
(79, '78138be1dc7cfb46f0a5e082fc1b4a38', 86),
(79, 'a9d037e6077a5407b351bc7778ed7845', 87),
(79, '7bee8fe4f1c23beb9e4641f5b84734a6', 88),
(79, 'df1b08b201bee709a79e9f09737b32be', 89),
(79, '1f91b9e854ee2fbb09ffe22dd6e3a627', 90),
(79, '78138be1dc7cfb46f0a5e082fc1b4a38', 91),
(79, 'f62944d96d7757eee3d54419318f1a53', 92),
(79, '2de8d7395dbd709bb00093167b0c4e38', 93),
(79, 'df1b08b201bee709a79e9f09737b32be', 94),
(79, '1f91b9e854ee2fbb09ffe22dd6e3a627', 95),
(79, '3cbf8ed32ec0feb9f9da8a11e69a9dd8', 96),
(79, 'd41d8cd98f00b204e9800998ecf8427e', 97),
(79, '1f91b9e854ee2fbb09ffe22dd6e3a627', 0),
(79, 'cc156c35881dd611e2c5f51ea494dda3', 1),
(79, '1f91b9e854ee2fbb09ffe22dd6e3a627', 2),
(79, 'be9aa474d8abfa9f5fb971b7c4e3b648', 3),
(79, '04a26149200e49e58759c86252d2d94e', 4),
(79, 'b1657d0151e8c10c5d87e350cf5217fa', 5),
(79, '1f91b9e854ee2fbb09ffe22dd6e3a627', 6),
(79, 'ebeb5392e9f41a943ad3df933f3d7e0b', 7),
(79, '1f91b9e854ee2fbb09ffe22dd6e3a627', 8),
(79, '97c5f5c59f9fd6441ccc38dcf183a637', 9),
(79, 'dd2076be687d04b3fbe2a797e296a20f', 10),
(79, '166bd4b3bff481f9cca2bd22fde0022a', 11),
(79, '1f91b9e854ee2fbb09ffe22dd6e3a627', 12),
(79, 'd63fee312689bc3d5a5d8c0ea2fe495a', 13),
(79, '1f91b9e854ee2fbb09ffe22dd6e3a627', 14),
(79, '2737b643b721d792687291883caf4ba8', 15),
(79, 'bf49803a716571e8acf4c7036a83987c', 16),
(79, '8652606c8d662eac2fcf1ce9a9d0fa10', 17),
(79, '1f91b9e854ee2fbb09ffe22dd6e3a627', 18),
(79, '3cbf8ed32ec0feb9f9da8a11e69a9dd8', 19),
(79, '1f91b9e854ee2fbb09ffe22dd6e3a627', 20),
(79, '4cc1f2d12ff350d75b596191d8546b1f', 21),
(79, '1f91b9e854ee2fbb09ffe22dd6e3a627', 22),
(79, '78138be1dc7cfb46f0a5e082fc1b4a38', 23),
(79, 'a87ed93d49615b617d41eca6b941c563', 24),
(79, 'a83f18a6b7c06d165d01a07c4ab854e7', 25),
(79, '4591fc2aee1d57187bd066e1415ae0a7', 26),
(79, '1f91b9e854ee2fbb09ffe22dd6e3a627', 27),
(79, 'df1b08b201bee709a79e9f09737b32be', 28),
(79, '1f91b9e854ee2fbb09ffe22dd6e3a627', 29),
(79, '78138be1dc7cfb46f0a5e082fc1b4a38', 30),
(79, 'fb78a0b5ee992958745fa30d79b9d8af', 31),
(79, '8652606c8d662eac2fcf1ce9a9d0fa10', 32),
(79, 'e0fff0ce2f6c9b889b28afecc4e46dfe', 33),
(79, 'f92ed228d7a492482a5bf97cdf3a3da4', 34),
(79, '8652606c8d662eac2fcf1ce9a9d0fa10', 35),
(79, '464f4100888044187ef5e737abb5ea5d', 36),
(79, 'bf49803a716571e8acf4c7036a83987c', 37),
(79, '8652606c8d662eac2fcf1ce9a9d0fa10', 38),
(79, 'ddc20b0672d01ca807c2d9d65e879666', 39),
(79, '82191a22fd14f7fbe1b706fd1c316b6d', 40),
(79, '61a1c39306c011b48bfd3b60b6893101', 41),
(79, 'cc1e934c20e8a1b7d969880c71933ef9', 42),
(79, '1f91b9e854ee2fbb09ffe22dd6e3a627', 43),
(79, 'df1b08b201bee709a79e9f09737b32be', 44),
(79, '1f91b9e854ee2fbb09ffe22dd6e3a627', 45),
(79, '78138be1dc7cfb46f0a5e082fc1b4a38', 46),
(79, '1f91b9e854ee2fbb09ffe22dd6e3a627', 47),
(79, '97540334c56f59857ad5018f63db0d7c', 48),
(79, '1f91b9e854ee2fbb09ffe22dd6e3a627', 49),
(79, 'ebeb5392e9f41a943ad3df933f3d7e0b', 50),
(79, 'afe067c74c2c7fc12bc8c24a2bc66424', 51),
(79, 'd63fee312689bc3d5a5d8c0ea2fe495a', 52),
(79, '1f91b9e854ee2fbb09ffe22dd6e3a627', 53),
(79, 'd430d2296339f77950e6d326406dd82f', 54),
(79, '1f91b9e854ee2fbb09ffe22dd6e3a627', 55),
(79, 'df1b08b201bee709a79e9f09737b32be', 56),
(79, '1f91b9e854ee2fbb09ffe22dd6e3a627', 57),
(79, '78138be1dc7cfb46f0a5e082fc1b4a38', 58),
(79, 'eb3fd241e02efc932ec9cc3a77481256', 59),
(79, 'df1b08b201bee709a79e9f09737b32be', 60),
(79, '1f91b9e854ee2fbb09ffe22dd6e3a627', 61),
(79, '78138be1dc7cfb46f0a5e082fc1b4a38', 62),
(79, '40ea6f365884f7d6146b8f2980c08747', 63),
(79, 'df1b08b201bee709a79e9f09737b32be', 64),
(79, '1f91b9e854ee2fbb09ffe22dd6e3a627', 65),
(79, '78138be1dc7cfb46f0a5e082fc1b4a38', 66),
(79, '12df8735f64a95951c54fec6d2d8412a', 67),
(79, 'df1b08b201bee709a79e9f09737b32be', 68),
(79, '1f91b9e854ee2fbb09ffe22dd6e3a627', 69),
(79, '78138be1dc7cfb46f0a5e082fc1b4a38', 70),
(79, 'f328522a7d553f8c1a6c45971bed66c6', 71),
(79, 'df1b08b201bee709a79e9f09737b32be', 72),
(79, '1f91b9e854ee2fbb09ffe22dd6e3a627', 73),
(79, '78138be1dc7cfb46f0a5e082fc1b4a38', 74),
(79, '5247d4bfc3c39caa8f672e702b919a45', 75),
(79, 'df1b08b201bee709a79e9f09737b32be', 76),
(79, '1f91b9e854ee2fbb09ffe22dd6e3a627', 77),
(79, '78138be1dc7cfb46f0a5e082fc1b4a38', 78),
(79, '5e15185b14348a5bd64e8c601a307059', 79),
(79, 'df1b08b201bee709a79e9f09737b32be', 80),
(79, '1f91b9e854ee2fbb09ffe22dd6e3a627', 81),
(79, '78138be1dc7cfb46f0a5e082fc1b4a38', 82),
(79, '7b80c11cdb925739104a203e532250d9', 83),
(79, 'df1b08b201bee709a79e9f09737b32be', 84),
(79, '1f91b9e854ee2fbb09ffe22dd6e3a627', 85),
(79, '78138be1dc7cfb46f0a5e082fc1b4a38', 86),
(79, 'a9d037e6077a5407b351bc7778ed7845', 87),
(79, '7bee8fe4f1c23beb9e4641f5b84734a6', 88),
(79, 'df1b08b201bee709a79e9f09737b32be', 89),
(79, '1f91b9e854ee2fbb09ffe22dd6e3a627', 90),
(79, '78138be1dc7cfb46f0a5e082fc1b4a38', 91),
(79, 'f62944d96d7757eee3d54419318f1a53', 92),
(79, '2de8d7395dbd709bb00093167b0c4e38', 93),
(79, 'df1b08b201bee709a79e9f09737b32be', 94),
(79, '1f91b9e854ee2fbb09ffe22dd6e3a627', 95),
(79, '3cbf8ed32ec0feb9f9da8a11e69a9dd8', 96),
(79, 'd41d8cd98f00b204e9800998ecf8427e', 97),
(81, '1f91b9e854ee2fbb09ffe22dd6e3a627', 0),
(81, 'cc156c35881dd611e2c5f51ea494dda3', 1),
(81, '1f91b9e854ee2fbb09ffe22dd6e3a627', 2),
(81, 'be9aa474d8abfa9f5fb971b7c4e3b648', 3),
(81, '04a26149200e49e58759c86252d2d94e', 4),
(81, 'b1657d0151e8c10c5d87e350cf5217fa', 5),
(81, '1f91b9e854ee2fbb09ffe22dd6e3a627', 6),
(81, 'ebeb5392e9f41a943ad3df933f3d7e0b', 7),
(81, '1f91b9e854ee2fbb09ffe22dd6e3a627', 8),
(81, '97c5f5c59f9fd6441ccc38dcf183a637', 9),
(81, 'dd2076be687d04b3fbe2a797e296a20f', 10),
(81, '166bd4b3bff481f9cca2bd22fde0022a', 11),
(81, '1f91b9e854ee2fbb09ffe22dd6e3a627', 12),
(81, 'd63fee312689bc3d5a5d8c0ea2fe495a', 13),
(81, '1f91b9e854ee2fbb09ffe22dd6e3a627', 14),
(81, '2737b643b721d792687291883caf4ba8', 15),
(81, 'bf49803a716571e8acf4c7036a83987c', 16),
(81, '8652606c8d662eac2fcf1ce9a9d0fa10', 17),
(81, '1f91b9e854ee2fbb09ffe22dd6e3a627', 18),
(81, '3cbf8ed32ec0feb9f9da8a11e69a9dd8', 19),
(81, '1f91b9e854ee2fbb09ffe22dd6e3a627', 20),
(81, '4cc1f2d12ff350d75b596191d8546b1f', 21),
(81, '1f91b9e854ee2fbb09ffe22dd6e3a627', 22),
(81, '78138be1dc7cfb46f0a5e082fc1b4a38', 23),
(81, 'a87ed93d49615b617d41eca6b941c563', 24),
(81, 'a83f18a6b7c06d165d01a07c4ab854e7', 25),
(81, '4591fc2aee1d57187bd066e1415ae0a7', 26),
(81, '1f91b9e854ee2fbb09ffe22dd6e3a627', 27),
(81, 'df1b08b201bee709a79e9f09737b32be', 28),
(81, '1f91b9e854ee2fbb09ffe22dd6e3a627', 29),
(81, '78138be1dc7cfb46f0a5e082fc1b4a38', 30),
(81, 'fb78a0b5ee992958745fa30d79b9d8af', 31),
(81, '8652606c8d662eac2fcf1ce9a9d0fa10', 32),
(81, 'e0fff0ce2f6c9b889b28afecc4e46dfe', 33),
(81, 'f92ed228d7a492482a5bf97cdf3a3da4', 34),
(81, '8652606c8d662eac2fcf1ce9a9d0fa10', 35),
(81, '464f4100888044187ef5e737abb5ea5d', 36),
(81, 'bf49803a716571e8acf4c7036a83987c', 37),
(81, '8652606c8d662eac2fcf1ce9a9d0fa10', 38),
(81, 'ddc20b0672d01ca807c2d9d65e879666', 39),
(81, '82191a22fd14f7fbe1b706fd1c316b6d', 40),
(81, '61a1c39306c011b48bfd3b60b6893101', 41),
(81, 'cc1e934c20e8a1b7d969880c71933ef9', 42),
(81, '1f91b9e854ee2fbb09ffe22dd6e3a627', 43),
(81, 'df1b08b201bee709a79e9f09737b32be', 44),
(81, '1f91b9e854ee2fbb09ffe22dd6e3a627', 45),
(81, '78138be1dc7cfb46f0a5e082fc1b4a38', 46),
(81, '1f91b9e854ee2fbb09ffe22dd6e3a627', 47),
(81, '97540334c56f59857ad5018f63db0d7c', 48),
(81, '1f91b9e854ee2fbb09ffe22dd6e3a627', 49),
(81, 'ebeb5392e9f41a943ad3df933f3d7e0b', 50),
(81, 'afe067c74c2c7fc12bc8c24a2bc66424', 51),
(81, 'd63fee312689bc3d5a5d8c0ea2fe495a', 52),
(81, '1f91b9e854ee2fbb09ffe22dd6e3a627', 53),
(81, 'd430d2296339f77950e6d326406dd82f', 54),
(81, '1f91b9e854ee2fbb09ffe22dd6e3a627', 55),
(81, 'df1b08b201bee709a79e9f09737b32be', 56),
(81, '1f91b9e854ee2fbb09ffe22dd6e3a627', 57),
(81, '78138be1dc7cfb46f0a5e082fc1b4a38', 58),
(81, 'eb3fd241e02efc932ec9cc3a77481256', 59),
(81, 'df1b08b201bee709a79e9f09737b32be', 60),
(81, '1f91b9e854ee2fbb09ffe22dd6e3a627', 61),
(81, '78138be1dc7cfb46f0a5e082fc1b4a38', 62),
(81, '40ea6f365884f7d6146b8f2980c08747', 63),
(81, 'df1b08b201bee709a79e9f09737b32be', 64),
(81, '1f91b9e854ee2fbb09ffe22dd6e3a627', 65),
(81, '78138be1dc7cfb46f0a5e082fc1b4a38', 66),
(81, '12df8735f64a95951c54fec6d2d8412a', 67),
(81, 'df1b08b201bee709a79e9f09737b32be', 68),
(81, '1f91b9e854ee2fbb09ffe22dd6e3a627', 69),
(81, '78138be1dc7cfb46f0a5e082fc1b4a38', 70),
(81, 'f328522a7d553f8c1a6c45971bed66c6', 71),
(81, 'df1b08b201bee709a79e9f09737b32be', 72),
(81, '1f91b9e854ee2fbb09ffe22dd6e3a627', 73),
(81, '78138be1dc7cfb46f0a5e082fc1b4a38', 74),
(81, '5247d4bfc3c39caa8f672e702b919a45', 75),
(81, 'df1b08b201bee709a79e9f09737b32be', 76),
(81, '1f91b9e854ee2fbb09ffe22dd6e3a627', 77),
(81, '78138be1dc7cfb46f0a5e082fc1b4a38', 78),
(81, '5e15185b14348a5bd64e8c601a307059', 79),
(81, 'df1b08b201bee709a79e9f09737b32be', 80),
(81, '1f91b9e854ee2fbb09ffe22dd6e3a627', 81),
(81, '78138be1dc7cfb46f0a5e082fc1b4a38', 82),
(81, '7b80c11cdb925739104a203e532250d9', 83),
(81, 'df1b08b201bee709a79e9f09737b32be', 84),
(81, '1f91b9e854ee2fbb09ffe22dd6e3a627', 85),
(81, '78138be1dc7cfb46f0a5e082fc1b4a38', 86),
(81, 'a9d037e6077a5407b351bc7778ed7845', 87),
(81, '7bee8fe4f1c23beb9e4641f5b84734a6', 88),
(81, 'df1b08b201bee709a79e9f09737b32be', 89),
(81, '1f91b9e854ee2fbb09ffe22dd6e3a627', 90),
(81, '78138be1dc7cfb46f0a5e082fc1b4a38', 91),
(81, 'f62944d96d7757eee3d54419318f1a53', 92),
(81, '2de8d7395dbd709bb00093167b0c4e38', 93),
(81, 'df1b08b201bee709a79e9f09737b32be', 94),
(81, '1f91b9e854ee2fbb09ffe22dd6e3a627', 95),
(81, '3cbf8ed32ec0feb9f9da8a11e69a9dd8', 96),
(81, 'd41d8cd98f00b204e9800998ecf8427e', 97),
(82, 'df129da3b947070d5a0dabc7c7c8f693', 0),
(83, 'e7644ba1f1b50ee1fdb30d16f3e3269e', 0),
(83, 'a83f18a6b7c06d165d01a07c4ab854e7', 1),
(83, '4591fc2aee1d57187bd066e1415ae0a7', 2),
(83, 'f5dfede8950721411d4bba4ffe2fc306', 3),
(83, '1df28c85d7400bbdf023deef393937e7', 4),
(83, '596237316c8da82e847dbfb01891787e', 5),
(83, '107b2895946d64bef72b9043b62545e2', 6),
(83, 'a5d7b7c231d4f222115999c41840ea1e', 7),
(84, 'f5dfede8950721411d4bba4ffe2fc306', 0),
(84, '1df28c85d7400bbdf023deef393937e7', 1),
(84, '156fde9a73a0e6da0db6348098727639', 2),
(84, 'a5d7b7c231d4f222115999c41840ea1e', 3),
(85, 'f5dfede8950721411d4bba4ffe2fc306', 0),
(85, '1df28c85d7400bbdf023deef393937e7', 1),
(85, '1eafaba64c3391c22be3f2f9103ac745', 2),
(86, 'f5dfede8950721411d4bba4ffe2fc306', 0),
(86, '1df28c85d7400bbdf023deef393937e7', 1),
(86, '156fde9a73a0e6da0db6348098727639', 2),
(86, 'a5d7b7c231d4f222115999c41840ea1e', 3);

-- --------------------------------------------------------

--
-- Table structure for table `record_history`
--

CREATE TABLE IF NOT EXISTS `record_history` (
  `id` int(11) NOT NULL AUTO_INCREMENT,
  `record_id` int(11) NOT NULL,
  `status_id` tinyint(1) NOT NULL,
  `date` timestamp NOT NULL DEFAULT CURRENT_TIMESTAMP ON UPDATE CURRENT_TIMESTAMP,
  `comment` text COLLATE utf8_lithuanian_ci NOT NULL,
  `user_id` int(11) NOT NULL,
  PRIMARY KEY (`id`)
) ENGINE=InnoDB  DEFAULT CHARSET=utf8 COLLATE=utf8_lithuanian_ci AUTO_INCREMENT=214 ;

--
-- Dumping data for table `record_history`
--

INSERT INTO `record_history` (`id`, `record_id`, `status_id`, `date`, `comment`, `user_id`) VALUES
(1, 9, 1, '2012-12-06 12:39:54', '', 1),
(2, 10, 1, '2012-12-06 12:40:47', '', 1),
(3, 11, 1, '2012-12-06 12:40:47', '', 10),
(4, 8, 1, '2012-12-06 12:42:09', '', 1),
(5, 8, 2, '2012-12-06 12:42:27', '', 1),
(6, 3, 1, '2012-12-06 12:42:57', '', 1),
(7, 3, 2, '2012-12-06 12:43:06', '', 1),
(8, 2, 1, '2012-12-06 12:43:21', '', 1),
(9, 2, 2, '2012-12-06 12:43:27', '', 1),
(10, 2, 3, '2012-12-06 12:43:41', '', 10),
(11, 4, 1, '2012-12-06 12:45:21', '', 10),
(12, 4, 2, '2012-12-06 12:45:26', '', 10),
(13, 4, 3, '2012-12-06 12:45:35', '', 10),
(14, 6, 1, '2012-12-06 12:45:49', '', 1),
(15, 6, 2, '2012-12-06 12:45:55', '', 1),
(16, 6, 3, '2012-12-06 12:46:01', '', 1),
(17, 6, 4, '2012-12-06 12:46:08', '', 1),
(18, 7, 1, '2012-12-06 12:46:22', '', 1),
(19, 7, 2, '2012-12-06 12:46:28', '', 1),
(20, 7, 3, '2012-12-06 12:46:33', '', 1),
(21, 7, 4, '2012-12-06 12:46:39', '', 1),
(22, 7, 5, '2012-12-06 12:46:45', '', 1),
(23, 19, 1, '2012-12-06 14:25:15', 'naujas įrašas', 10),
(24, 40, 1, '2012-12-06 14:26:24', 'naujas įrašas', 10),
(25, 9, 1, '2012-12-06 21:27:04', 'redaguotas įrašas', 10),
(26, 40, 2, '2012-12-06 21:33:56', 'pasiūlytas įrašas', 10),
(27, 8, 3, '2012-12-06 21:37:58', 'patvirtintas įrašas', 10),
(28, 3, 5, '2012-12-07 07:43:44', 'ištrintas įrašas', 10),
(29, 2, 1, '2012-12-07 13:12:49', 'redaguotas įrašas', 10),
(30, 2, 1, '2012-12-07 13:13:49', 'redaguotas įrašas', 10),
(31, 8, 1, '2012-12-08 08:09:31', 'redaguotas įrašas', 10),
(32, 4, 1, '2012-12-08 09:06:42', 'redaguotas įrašas', 10),
(33, 41, 1, '2012-12-08 09:52:20', 'naujas įrašas', 10),
(34, 41, 2, '2012-12-08 09:52:30', 'pasiūlytas įrašas', 10),
(35, 41, 3, '2012-12-08 09:52:39', 'patvirtintas įrašas', 10),
(36, 41, 1, '2012-12-08 09:53:26', 'redaguotas įrašas', 10),
(37, 4, 2, '2012-12-08 21:41:29', 'pasiūlytas įrašas', 1),
(38, 4, 3, '2012-12-08 21:42:02', 'patvirtintas įrašas', 1),
(39, 4, 1, '2012-12-08 21:42:23', 'redaguotas įrašas', 1),
(40, 4, 2, '2012-12-08 21:43:25', 'pasiūlytas įrašas', 1),
(41, 4, 3, '2012-12-08 21:43:33', 'patvirtintas įrašas', 1),
(42, 4, 1, '2012-12-08 21:43:46', 'redaguotas įrašas', 1),
(43, 4, 2, '2012-12-08 21:44:32', 'pasiūlytas įrašas', 1),
(44, 4, 3, '2012-12-08 21:44:38', 'patvirtintas įrašas', 1),
(45, 42, 1, '2012-12-08 21:44:49', 'naujas įrašas', 1),
(46, 2, 2, '2012-12-09 11:25:42', 'pasiūlytas įrašas', 10),
(47, 8, 2, '2012-12-09 11:26:27', 'pasiūlytas įrašas', 10),
(48, 41, 2, '2012-12-09 11:32:56', 'pasiūlytas įrašas', 10),
(49, 41, 3, '2012-12-09 11:40:31', 'patvirtintas įrašas', 10),
(50, 43, 1, '2012-12-09 11:41:01', 'naujas įrašas', 10),
(51, 44, 1, '2012-12-09 18:35:30', 'naujas įrašas', 1),
(52, 46, 1, '2012-12-09 18:35:51', 'naujas įrašas', 1),
(53, 47, 1, '2012-12-09 18:47:17', 'naujas įrašas', 1),
(54, 48, 1, '2012-12-09 19:18:44', 'naujas įrašas', 1),
(55, 49, 1, '2012-12-09 19:50:58', 'naujas įrašas', 1),
(56, 49, 1, '2012-12-09 19:51:53', 'naujas įrašas', 1),
(57, 49, 1, '2012-12-09 19:52:06', 'naujas įrašas', 1),
(58, 49, 1, '2012-12-09 19:52:20', 'naujas įrašas', 1),
(59, 49, 1, '2012-12-09 19:57:58', 'naujas įrašas', 1),
(60, 49, 1, '2012-12-09 20:00:59', 'naujas įrašas', 1),
(61, 55, 1, '2012-12-09 20:30:17', 'naujas įrašas', 1),
(62, 56, 1, '2012-12-09 20:36:24', 'naujas įrašas', 1),
(63, 19, 1, '2012-12-17 18:23:43', 'redaguotas įrašas', 1),
(64, 19, 1, '2012-12-17 18:24:16', 'redaguotas įrašas', 1),
(65, 19, 1, '2012-12-17 18:25:35', 'redaguotas įrašas', 1),
(66, 19, 1, '2012-12-17 18:28:41', 'redaguotas įrašas', 1),
(67, 57, 1, '2012-12-17 18:35:09', 'naujas įrašas', 1),
(68, 19, 1, '2012-12-17 18:35:43', 'redaguotas įrašas', 1),
(69, 19, 1, '2012-12-17 18:36:34', 'redaguotas įrašas', 1),
(70, 58, 1, '2012-12-17 18:40:23', 'naujas įrašas', 1),
(71, 59, 1, '2012-12-17 18:40:58', 'naujas įrašas', 1),
(72, 58, 1, '2012-12-17 18:42:53', 'redaguotas įrašas', 1),
(73, 58, 1, '2012-12-17 18:43:15', 'redaguotas įrašas', 1),
(74, 59, 1, '2012-12-17 18:43:21', 'redaguotas įrašas', 1),
(75, 58, 1, '2012-12-17 18:44:13', 'redaguotas įrašas', 1),
(76, 59, 1, '2012-12-17 18:44:29', 'redaguotas įrašas', 1),
(77, 58, 1, '2012-12-17 18:47:00', 'redaguotas įrašas', 1),
(78, 59, 1, '2012-12-17 18:47:06', 'redaguotas įrašas', 1),
(79, 58, 1, '2012-12-17 18:47:33', 'redaguotas įrašas', 1),
(80, 59, 1, '2012-12-17 18:47:38', 'redaguotas įrašas', 1),
(81, 9, 1, '2012-12-17 19:05:28', 'redaguotas įrašas', 1),
(82, 9, 1, '2012-12-17 19:06:33', 'redaguotas įrašas', 1),
(83, 9, 1, '2012-12-17 19:07:24', 'redaguotas įrašas', 1),
(84, 9, 1, '2012-12-17 19:08:12', 'redaguotas įrašas', 1),
(85, 9, 1, '2012-12-17 19:09:43', 'redaguotas įrašas', 1),
(86, 6, 1, '2012-12-17 19:12:01', 'redaguotas įrašas', 1),
(87, 6, 1, '2012-12-17 19:14:32', 'redaguotas įrašas', 1),
(88, 6, 1, '2012-12-17 19:15:23', 'redaguotas įrašas', 1),
(89, 6, 1, '2012-12-17 19:15:43', 'redaguotas įrašas', 1),
(90, 6, 1, '2012-12-17 19:17:06', 'redaguotas įrašas', 1),
(91, 6, 1, '2012-12-17 19:17:37', 'redaguotas įrašas', 1),
(92, 58, 1, '2012-12-17 19:19:17', 'redaguotas įrašas', 1),
(93, 59, 1, '2012-12-17 19:22:02', 'redaguotas įrašas', 1),
(94, 58, 1, '2012-12-17 19:22:38', 'redaguotas įrašas', 1),
(95, 59, 1, '2012-12-17 19:22:54', 'redaguotas įrašas', 1),
(96, 9, 1, '2012-12-17 19:23:18', 'redaguotas įrašas', 1),
(97, 9, 1, '2012-12-17 19:26:06', 'redaguotas įrašas', 1),
(98, 57, 1, '2012-12-17 19:27:01', 'redaguotas įrašas', 1),
(99, 58, 1, '2012-12-17 19:27:12', 'redaguotas įrašas', 1),
(100, 59, 2, '2012-12-18 12:11:12', 'pasiūlytas įrašas', 10),
(101, 59, 3, '2012-12-18 12:13:25', 'patvirtintas įrašas', 10),
(102, 48, 5, '2012-12-19 01:29:24', 'ištrintas įrašas', 1),
(103, 60, 1, '2012-12-19 01:37:50', 'naujas įrašas', 10),
(104, 60, 1, '2012-12-19 01:39:28', 'redaguotas įrašas', 10),
(105, 60, 1, '2012-12-19 01:40:31', 'redaguotas įrašas', 10),
(106, 61, 1, '2012-12-19 01:55:08', 'naujas įrašas', 1),
(107, 61, 1, '2012-12-19 01:58:10', 'redaguotas įrašas', 1),
(108, 61, 1, '2012-12-19 01:59:40', 'redaguotas įrašas', 1),
(109, 10, 2, '2012-12-19 03:12:55', 'pasiūlytas įrašas', 16),
(110, 2, 4, '2012-12-19 03:13:19', 'atšauktas įrašas', 1),
(111, 46, 5, '2012-12-19 03:13:27', 'ištrintas įrašas', 1),
(112, 59, 1, '2012-12-19 03:39:08', 'naujas įrašas', 1),
(113, 63, 1, '2012-12-19 11:35:21', 'naujas įrašas', 26),
(114, 63, 2, '2012-12-19 11:36:02', 'pasiūlytas įrašas', 26),
(115, 63, 3, '2012-12-19 11:36:38', 'patvirtintas įrašas', 10),
(116, 64, 1, '2013-01-23 08:02:39', 'naujas įrašas', 1),
(117, 64, 1, '2013-01-23 08:06:10', 'naujas įrašas', 1),
(118, 64, 1, '2013-01-23 08:06:32', 'naujas įrašas', 1),
(119, 67, 1, '2013-01-23 19:22:48', 'naujas įrašas', 16),
(120, 68, 1, '2013-01-23 19:23:32', 'naujas įrašas', 16),
(121, 69, 1, '2013-01-23 19:36:09', 'naujas įrašas', 16),
(122, 69, 1, '2013-01-24 09:39:53', 'redaguotas įrašas', 1),
(123, 70, 1, '2013-01-24 11:50:21', 'naujas įrašas', 16),
(124, 70, 1, '2013-01-24 11:51:20', 'redaguotas įrašas', 16),
(125, 60, 2, '2013-01-24 14:31:27', 'pasiūlytas įrašas', 1),
(126, 61, 2, '2013-01-24 14:31:29', 'pasiūlytas įrašas', 1),
(127, 64, 2, '2013-01-24 14:31:30', 'pasiūlytas įrašas', 1),
(128, 64, 4, '2013-01-24 14:31:43', 'atšauktas įrašas', 1),
(129, 70, 5, '2013-01-24 21:37:30', 'ištrintas įrašas', 1),
(130, 61, 1, '2013-01-28 08:35:43', 'redaguotas įrašas', 28),
(131, 9, 1, '2013-01-28 08:41:02', 'redaguotas įrašas', 28),
(132, 64, 1, '2013-01-28 08:41:27', 'redaguotas įrašas', 28),
(133, 9, 1, '2013-01-28 08:41:50', 'redaguotas įrašas', 28),
(134, 19, 1, '2013-01-28 08:42:00', 'redaguotas įrašas', 28),
(135, 40, 1, '2013-01-28 08:42:07', 'redaguotas įrašas', 28),
(136, 40, 1, '2013-01-28 08:42:12', 'redaguotas įrašas', 28),
(137, 57, 1, '2013-01-28 08:42:34', 'redaguotas įrašas', 28),
(138, 60, 1, '2013-01-28 08:43:05', 'redaguotas įrašas', 28),
(139, 67, 1, '2013-01-28 08:43:15', 'redaguotas įrašas', 28),
(140, 58, 1, '2013-01-28 08:43:40', 'redaguotas įrašas', 28),
(141, 59, 1, '2013-01-28 08:43:47', 'redaguotas įrašas', 28),
(142, 6, 1, '2013-01-28 08:43:57', 'redaguotas įrašas', 28),
(143, 71, 1, '2013-01-28 09:46:39', 'naujas įrašas', 30),
(144, 71, 2, '2013-01-28 09:46:51', 'pasiūlytas įrašas', 30),
(145, 71, 3, '2013-01-28 09:48:12', 'patvirtintas įrašas', 29),
(146, 71, 4, '2013-01-28 09:51:02', 'atšauktas įrašas', 29),
(147, 71, 1, '2013-01-28 09:51:40', 'redaguotas įrašas', 29),
(148, 71, 2, '2013-01-28 09:51:49', 'pasiūlytas įrašas', 29),
(149, 71, 3, '2013-01-28 09:52:05', 'patvirtintas įrašas', 29),
(150, 71, 4, '2013-01-28 09:59:13', 'atšauktas įrašas', 29),
(151, 71, 1, '2013-01-28 09:59:23', 'redaguotas įrašas', 29),
(152, 71, 2, '2013-01-28 09:59:28', 'pasiūlytas įrašas', 29),
(153, 71, 3, '2013-01-28 10:05:35', 'patvirtintas įrašas', 29),
(154, 72, 1, '2013-01-28 10:11:34', 'naujas įrašas', 30),
(155, 72, 2, '2013-01-28 10:11:44', 'pasiūlytas įrašas', 30),
(156, 72, 3, '2013-01-28 10:12:31', 'patvirtintas įrašas', 29),
(157, 69, 2, '2013-01-28 10:29:18', 'pasiūlytas įrašas', 16),
(158, 68, 2, '2013-01-28 10:29:23', 'pasiūlytas įrašas', 16),
(159, 67, 2, '2013-01-28 10:29:24', 'pasiūlytas įrašas', 16),
(160, 68, 3, '2013-01-28 10:29:38', 'patvirtintas įrašas', 29),
(161, 69, 3, '2013-01-28 10:29:40', 'patvirtintas įrašas', 29),
(162, 67, 3, '2013-01-28 10:29:42', 'patvirtintas įrašas', 29),
(163, 72, 4, '2013-01-28 10:37:18', 'atšauktas įrašas', 29),
(164, 73, 1, '2013-01-28 11:23:13', 'naujas įrašas', 30),
(165, 73, 1, '2013-01-28 11:27:38', 'naujas įrašas', 30),
(166, 75, 1, '2013-01-28 11:27:57', 'naujas įrašas', 30),
(167, 75, 1, '2013-01-28 11:28:16', 'redaguotas įrašas', 30),
(168, 75, 1, '2013-01-28 11:28:33', 'redaguotas įrašas', 30),
(169, 73, 2, '2013-01-28 11:29:37', 'pasiūlytas įrašas', 30),
(170, 76, 1, '2013-01-28 11:29:54', 'naujas įrašas', 30),
(171, 76, 1, '2013-01-28 11:30:13', 'redaguotas įrašas', 30),
(172, 73, 1, '2013-01-28 11:42:21', 'naujas įrašas', 30),
(173, 78, 1, '2013-01-28 11:42:38', 'naujas įrašas', 30),
(174, 78, 1, '2013-01-28 11:42:52', 'redaguotas įrašas', 30),
(175, 73, 2, '2013-01-28 11:54:04', 'pasiūlytas įrašas', 30),
(176, 75, 2, '2013-01-28 11:54:07', 'pasiūlytas įrašas', 30),
(177, 78, 5, '2013-01-28 11:54:12', 'ištrintas įrašas', 30),
(178, 73, 3, '2013-03-14 12:07:16', 'patvirtintas įrašas', 29),
(180, 80, 1, '2013-03-16 10:01:54', 'naujas įrašas', 31),
(181, 80, 2, '2013-03-16 10:01:50', 'pasiūlytas įrašas', 31),
(184, 80, 2, '2013-03-16 10:08:48', 'pasiūlytas įrašas', 31),
(197, 81, 1, '2013-03-26 06:54:27', 'naujas įrašas', 10),
(198, 81, 2, '2013-03-26 06:56:48', 'pasiūlytas įrašas', 10),
(200, 81, 3, '2013-03-26 07:02:17', 'patvirtintas įrašas', 10),
(203, 82, 1, '2013-03-26 07:44:27', 'naujas įrašas', 10),
(204, 82, 2, '2013-03-26 07:44:37', 'pasiūlytas įrašas', 10),
(205, 82, 3, '2013-03-26 07:48:49', 'patvirtintas įrašas', 10),
(206, 80, 3, '2013-03-26 15:01:09', 'patvirtintas įrašas', 10),
(207, 82, 4, '2013-04-04 08:20:02', 'atšauktas įrašas', 10),
(208, 83, 1, '2013-05-06 06:59:13', 'naujas įrašas', 30),
(209, 84, 1, '2013-05-06 07:01:15', 'naujas įrašas', 30),
(210, 84, 2, '2013-05-06 07:12:02', 'pasiūlytas įrašas', 30),
(211, 85, 1, '2013-05-06 07:12:41', 'naujas įrašas', 30),
(212, 86, 1, '2013-05-06 07:13:46', 'naujas įrašas', 30),
(213, 86, 5, '2013-05-06 07:22:43', 'ištrintas įrašas', 30);

-- --------------------------------------------------------

--
-- Table structure for table `record_similarities`
--

CREATE TABLE IF NOT EXISTS `record_similarities` (
  `first_record_id` int(11) NOT NULL,
  `second_record_id` int(11) NOT NULL,
  `number_of_maches` int(11) NOT NULL,
  `hash_in_first_record` int(11) NOT NULL
) ENGINE=InnoDB DEFAULT CHARSET=utf8 COLLATE=utf8_lithuanian_ci;

--
-- Dumping data for table `record_similarities`
--

INSERT INTO `record_similarities` (`first_record_id`, `second_record_id`, `number_of_maches`, `hash_in_first_record`) VALUES
(68, 67, 7, 7),
(69, 67, 4, 11),
(69, 68, 4, 11),
(61, 67, 1, 113),
(61, 68, 1, 113),
(61, 69, 1, 113),
(64, 9, 4, 4),
(9, 64, 3, 4),
(19, 61, 1, 7),
(19, 67, 7, 7),
(19, 68, 7, 7),
(19, 69, 4, 7),
(57, 19, 2, 5),
(57, 61, 1, 5),
(57, 67, 2, 5),
(57, 68, 2, 5),
(57, 69, 2, 5),
(67, 19, 7, 7),
(67, 57, 2, 7),
(67, 61, 1, 7),
(67, 68, 7, 7),
(67, 69, 4, 7),
(58, 9, 1, 10),
(58, 19, 1, 10),
(58, 57, 1, 10),
(58, 64, 1, 10),
(58, 67, 1, 10),
(58, 68, 1, 10),
(59, 9, 1, 8),
(59, 58, 9, 8),
(59, 64, 1, 8),
(6, 9, 1, 5),
(6, 64, 1, 5),
(71, 19, 1, 3),
(71, 57, 1, 3),
(71, 61, 1, 3),
(71, 67, 1, 3),
(71, 68, 1, 3),
(71, 69, 1, 3),
(72, 19, 1, 20),
(72, 57, 1, 20),
(72, 61, 1, 20),
(72, 67, 1, 20),
(72, 68, 1, 20),
(72, 69, 1, 20),
(72, 71, 1, 20),
(75, 19, 1, 4),
(75, 57, 1, 4),
(75, 61, 1, 4),
(75, 67, 1, 4),
(75, 68, 1, 4),
(75, 69, 1, 4),
(75, 71, 1, 4),
(75, 72, 1, 4),
(75, 73, 2, 4),
(76, 19, 1, 6),
(76, 57, 1, 6),
(76, 61, 1, 6),
(76, 67, 1, 6),
(76, 68, 1, 6),
(76, 69, 1, 6),
(76, 71, 1, 6),
(76, 72, 1, 6),
(76, 73, 2, 6),
(76, 75, 1, 6),
(73, 19, 1, 3),
(73, 57, 1, 3),
(73, 61, 1, 3),
(73, 67, 1, 3),
(73, 68, 1, 3),
(73, 69, 1, 3),
(73, 71, 1, 3),
(73, 72, 1, 3),
(73, 75, 1, 3),
(73, 76, 1, 3),
(78, 19, 1, 6),
(78, 57, 1, 6),
(78, 61, 1, 6),
(78, 67, 1, 6),
(78, 68, 1, 6),
(78, 69, 1, 6),
(78, 71, 1, 6),
(78, 72, 1, 6),
(78, 73, 3, 6),
(78, 75, 3, 6),
(78, 76, 1, 6),
(79, 19, 1, 98),
(79, 57, 1, 98),
(79, 61, 57, 98),
(79, 67, 1, 98),
(79, 68, 1, 98),
(79, 69, 1, 98),
(79, 71, 1, 98),
(79, 72, 1, 98),
(79, 73, 3, 98),
(79, 75, 1, 98),
(79, 76, 1, 98),
(79, 78, 1, 98),
(81, 19, 1, 98),
(81, 57, 1, 98),
(81, 61, 57, 98),
(81, 67, 1, 98),
(81, 68, 1, 98),
(81, 69, 1, 98),
(81, 71, 1, 98),
(81, 72, 1, 98),
(81, 73, 3, 98),
(81, 75, 1, 98),
(81, 76, 1, 98),
(81, 78, 1, 98),
(81, 79, 196, 98),
(83, 79, 4, 8),
(83, 81, 2, 8),
(84, 83, 3, 4),
(85, 83, 2, 3),
(85, 84, 2, 3),
(86, 83, 3, 4),
(86, 84, 4, 4),
(86, 85, 2, 4);

-- --------------------------------------------------------

--
-- Table structure for table `status`
--

CREATE TABLE IF NOT EXISTS `status` (
  `id` int(1) NOT NULL AUTO_INCREMENT,
  `name` varchar(20) COLLATE utf8_lithuanian_ci NOT NULL,
  `delete` tinyint(1) NOT NULL,
  `edit` tinyint(1) NOT NULL,
  `points` int(1) NOT NULL,
  PRIMARY KEY (`id`)
) ENGINE=InnoDB  DEFAULT CHARSET=utf8 COLLATE=utf8_lithuanian_ci AUTO_INCREMENT=6 ;

--
-- Dumping data for table `status`
--

INSERT INTO `status` (`id`, `name`, `delete`, `edit`, `points`) VALUES
(1, 'draft', 1, 1, 0),
(2, 'submitted', 1, 1, 1),
(3, 'accepted', 0, 1, 4),
(4, 'declined', 1, 1, -2),
(5, 'deleted', 0, 0, 0);

-- --------------------------------------------------------

--
-- Table structure for table `user`
--

CREATE TABLE IF NOT EXISTS `user` (
  `id` int(11) NOT NULL AUTO_INCREMENT,
  `login` varchar(50) NOT NULL,
  `pass` varchar(32) NOT NULL,
  `mail` varchar(100) NOT NULL,
  `active` tinyint(1) NOT NULL,
  `privilege_id` tinyint(1) NOT NULL,
  `key` varchar(32) NOT NULL,
  PRIMARY KEY (`id`),
  UNIQUE KEY `email` (`mail`),
  UNIQUE KEY `login` (`login`)
) ENGINE=InnoDB  DEFAULT CHARSET=utf8 AUTO_INCREMENT=33 ;

--
-- Dumping data for table `user`
--

INSERT INTO `user` (`id`, `login`, `pass`, `mail`, `active`, `privilege_id`, `key`) VALUES
(1, 'mima', '6e5a2391c4b2c0ca86822e68de1ead3b', 'mima@info.lt', 1, 2, 'q7wAVoh0DX5Sx4tBM5dY6F2ircp4S6GV'),
(10, 'darvydas', 'fabe0a0485871bf4316e92636e1fb5dc', 'darvydas@darvydas.lt', 1, 2, 'ugTGm7ehh42jh1iOx7M88Z5c3OQ58Gd3'),
(16, 'edita', 'be48b49929db5b692ff1243790f6e22e', 'edita@edita.edita', 1, 0, ''),
(24, 'tomass', '6cd661dc34df484a0afcbc3ec650b5ac', 'tomas@tomas.lt', 0, 0, ''),
(25, 'tomas', '8b5b6507a2c3fa1eca5b77cab986cd37', '123456@tomas.lt', 1, 0, ''),
(26, 'petras', '5182ee2bba0bf1dfe31ad59569f2fd36', 'petras@petras.petras', 1, 0, ''),
(27, 'julius', 'dc121af92fa3722e103c5c390ef860a7', 'julius@julius.julius', 0, 0, ''),
(28, 'administratorius', 'ff98d5edffe73f451d1b75f459f45f54', 'administratorius@one.lt', 1, 2, ''),
(29, 'valdytojas', 'c5f6287ada71a8ef46308696ad87933c', 'valdytojas@one.lt', 1, 1, ''),
(30, 'vartotojas', '74ebce09e6ddbdf4965f5a20ca3aa6f9', 'vartotojas@vartotojas.lt', 1, 0, ''),
(31, 'admin', '90b6dc010ecc106fadffa03e068cd00a', 'admin@admin.lt', 1, 2, ''),
(32, '<h1>petras</h1>', 'fa0407efa0c826c374fe03c38ab2edbc', 'petras@gmail.com', 0, 0, '');

/*!40101 SET CHARACTER_SET_CLIENT=@OLD_CHARACTER_SET_CLIENT */;
/*!40101 SET CHARACTER_SET_RESULTS=@OLD_CHARACTER_SET_RESULTS */;
/*!40101 SET COLLATION_CONNECTION=@OLD_COLLATION_CONNECTION */;
